source,date,value
GCAG,1880-01-15,-0.06
GISTEMP,1880-01-15,-0.18
GCAG,1880-02-15,-0.14
GISTEMP,1880-02-15,-0.24
GCAG,1880-03-15,-0.09
GISTEMP,1880-03-15,-0.09
GISTEMP,1880-04-15,-0.16
GCAG,1880-04-15,-0.05
GISTEMP,1880-05-15,-0.1
GCAG,1880-05-15,-0.09
GISTEMP,1880-06-15,-.21
GCAG,1880-06-15,-0.13
GISTEMP,1880-07-15,-.18
GCAG,1880-07-15,-0.13
GISTEMP,1880-08-15,-.10
GCAG,1880-08-15,-0.07
GCAG,1880-09-15,-0.11
GISTEMP,1880-09-15,-.14
GISTEMP,1880-10-15,-.24
GCAG,1880-10-15,-0.24
GCAG,1880-11-15,-0.24
GISTEMP,1880-11-15,-.22
GCAG,1880-12-15,-0.1
GISTEMP,1880-12-15,-.18
GISTEMP,1881-01-15,-0.2
GCAG,1881-01-15,-0.09
GCAG,1881-02-15,-0.06
GISTEMP,1881-02-15,-0.14
GISTEMP,1881-03-15,0.03
GCAG,1881-03-15,0.05
GISTEMP,1881-04-15,0.05
GCAG,1881-04-15,0.07
GISTEMP,1881-05-15,0.06
GCAG,1881-05-15,0.03
GCAG,1881-06-15,-0.12
GISTEMP,1881-06-15,-.19
GISTEMP,1881-07-15,.00
GCAG,1881-07-15,-0.06
GCAG,1881-08-15,-0.06
GISTEMP,1881-08-15,-.03
GCAG,1881-09-15,-0.16
GISTEMP,1881-09-15,-.15
GISTEMP,1881-10-15,-.22
GCAG,1881-10-15,-0.29
GISTEMP,1881-11-15,-.18
GCAG,1881-11-15,-0.26
GISTEMP,1881-12-15,-.07
GCAG,1881-12-15,-0.03
GISTEMP,1882-01-15,0.16
GCAG,1882-01-15,0.09
GISTEMP,1882-02-15,0.14
GCAG,1882-02-15,0.02
GISTEMP,1882-03-15,0.04
GCAG,1882-03-15,-0.01
GISTEMP,1882-04-15,-0.16
GCAG,1882-04-15,-0.15
GCAG,1882-05-15,-0.14
GISTEMP,1882-05-15,-0.14
GCAG,1882-06-15,-0.14
GISTEMP,1882-06-15,-.22
GCAG,1882-07-15,-0.12
GISTEMP,1882-07-15,-.16
GISTEMP,1882-08-15,-.08
GCAG,1882-08-15,-0.08
GCAG,1882-09-15,-0.1
GISTEMP,1882-09-15,-.15
GCAG,1882-10-15,-0.23
GISTEMP,1882-10-15,-.23
GISTEMP,1882-11-15,-.17
GCAG,1882-11-15,-0.15
GCAG,1882-12-15,-0.16
GISTEMP,1882-12-15,-.36
GISTEMP,1883-01-15,-0.29
GCAG,1883-01-15,-0.28
GCAG,1883-02-15,-0.35
GISTEMP,1883-02-15,-0.37
GCAG,1883-03-15,-0.18
GISTEMP,1883-03-15,-0.12
GISTEMP,1883-04-15,-0.19
GCAG,1883-04-15,-0.2
GCAG,1883-05-15,-0.16
GISTEMP,1883-05-15,-0.18
GCAG,1883-06-15,0.0
GISTEMP,1883-06-15,-.07
GCAG,1883-07-15,-0.1
GISTEMP,1883-07-15,-.07
GCAG,1883-08-15,-0.11
GISTEMP,1883-08-15,-.14
GISTEMP,1883-09-15,-.22
GCAG,1883-09-15,-0.18
GCAG,1883-10-15,-0.22
GISTEMP,1883-10-15,-.11
GCAG,1883-11-15,-0.24
GISTEMP,1883-11-15,-.24
GCAG,1883-12-15,-0.14
GISTEMP,1883-12-15,-.11
GCAG,1884-01-15,-0.23
GISTEMP,1884-01-15,-0.13
GISTEMP,1884-02-15,-0.08
GCAG,1884-02-15,-0.18
GISTEMP,1884-03-15,-0.36
GCAG,1884-03-15,-0.28
GISTEMP,1884-04-15,-0.4
GCAG,1884-04-15,-0.28
GISTEMP,1884-05-15,-0.33
GCAG,1884-05-15,-0.22
GCAG,1884-06-15,-0.26
GISTEMP,1884-06-15,-.35
GCAG,1884-07-15,-0.32
GISTEMP,1884-07-15,-.33
GISTEMP,1884-08-15,-.28
GCAG,1884-08-15,-0.28
GISTEMP,1884-09-15,-.27
GCAG,1884-09-15,-0.28
GCAG,1884-10-15,-0.27
GISTEMP,1884-10-15,-.25
GCAG,1884-11-15,-0.34
GISTEMP,1884-11-15,-.33
GISTEMP,1884-12-15,-.31
GCAG,1884-12-15,-0.24
GCAG,1885-01-15,-0.45
GISTEMP,1885-01-15,-0.58
GCAG,1885-02-15,-0.29
GISTEMP,1885-02-15,-0.33
GCAG,1885-03-15,-0.25
GISTEMP,1885-03-15,-0.26
GISTEMP,1885-04-15,-0.42
GCAG,1885-04-15,-0.28
GISTEMP,1885-05-15,-0.45
GCAG,1885-05-15,-0.31
GCAG,1885-06-15,-0.31
GISTEMP,1885-06-15,-.43
GCAG,1885-07-15,-0.25
GISTEMP,1885-07-15,-.33
GISTEMP,1885-08-15,-.31
GCAG,1885-08-15,-0.29
GCAG,1885-09-15,-0.26
GISTEMP,1885-09-15,-.29
GCAG,1885-10-15,-0.2
GISTEMP,1885-10-15,-.23
GISTEMP,1885-11-15,-.24
GCAG,1885-11-15,-0.14
GCAG,1885-12-15,0.01
GISTEMP,1885-12-15,-.10
GISTEMP,1886-01-15,-0.44
GCAG,1886-01-15,-0.18
GCAG,1886-02-15,-0.32
GISTEMP,1886-02-15,-0.51
GCAG,1886-03-15,-0.29
GISTEMP,1886-03-15,-0.43
GISTEMP,1886-04-15,-0.28
GCAG,1886-04-15,-0.19
GISTEMP,1886-05-15,-0.24
GCAG,1886-05-15,-0.18
GCAG,1886-06-15,-0.25
GISTEMP,1886-06-15,-.35
GCAG,1886-07-15,-0.2
GISTEMP,1886-07-15,-.18
GCAG,1886-08-15,-0.27
GISTEMP,1886-08-15,-.31
GCAG,1886-09-15,-0.27
GISTEMP,1886-09-15,-.24
GCAG,1886-10-15,-0.32
GISTEMP,1886-10-15,-.28
GCAG,1886-11-15,-0.28
GISTEMP,1886-11-15,-.27
GISTEMP,1886-12-15,-.25
GCAG,1886-12-15,-0.17
GISTEMP,1887-01-15,-0.72
GCAG,1887-01-15,-0.52
GCAG,1887-02-15,-0.46
GISTEMP,1887-02-15,-0.57
GCAG,1887-03-15,-0.22
GISTEMP,1887-03-15,-0.35
GCAG,1887-04-15,-0.26
GISTEMP,1887-04-15,-0.35
GCAG,1887-05-15,-0.26
GISTEMP,1887-05-15,-0.3
GCAG,1887-06-15,-0.25
GISTEMP,1887-06-15,-.25
GCAG,1887-07-15,-0.24
GISTEMP,1887-07-15,-.26
GISTEMP,1887-08-15,-.35
GCAG,1887-08-15,-0.32
GCAG,1887-09-15,-0.23
GISTEMP,1887-09-15,-.26
GISTEMP,1887-10-15,-.35
GCAG,1887-10-15,-0.33
GISTEMP,1887-11-15,-.26
GCAG,1887-11-15,-0.19
GCAG,1887-12-15,-0.17
GISTEMP,1887-12-15,-.33
GISTEMP,1888-01-15,-0.34
GCAG,1888-01-15,-0.33
GCAG,1888-02-15,-0.28
GISTEMP,1888-02-15,-0.36
GISTEMP,1888-03-15,-0.41
GCAG,1888-03-15,-0.29
GCAG,1888-04-15,-0.12
GISTEMP,1888-04-15,-0.2
GISTEMP,1888-05-15,-0.22
GCAG,1888-05-15,-0.15
GCAG,1888-06-15,-0.12
GISTEMP,1888-06-15,-.17
GISTEMP,1888-07-15,-.10
GCAG,1888-07-15,-0.11
GISTEMP,1888-08-15,-.16
GCAG,1888-08-15,-0.17
GISTEMP,1888-09-15,-.12
GCAG,1888-09-15,-0.1
GCAG,1888-10-15,0.03
GISTEMP,1888-10-15,.02
GISTEMP,1888-11-15,.03
GCAG,1888-11-15,-0.04
GCAG,1888-12-15,0.07
GISTEMP,1888-12-15,-.04
GCAG,1889-01-15,-0.02
GISTEMP,1889-01-15,-0.09
GCAG,1889-02-15,0.04
GISTEMP,1889-02-15,0.17
GCAG,1889-03-15,0.14
GISTEMP,1889-03-15,0.06
GCAG,1889-04-15,0.09
GISTEMP,1889-04-15,0.1
GISTEMP,1889-05-15,-0.01
GCAG,1889-05-15,-0.02
GISTEMP,1889-06-15,-.10
GCAG,1889-06-15,-0.08
GISTEMP,1889-07-15,-.08
GCAG,1889-07-15,-0.12
GISTEMP,1889-08-15,-.20
GCAG,1889-08-15,-0.15
GCAG,1889-09-15,-0.23
GISTEMP,1889-09-15,-.24
GCAG,1889-10-15,-0.24
GISTEMP,1889-10-15,-.25
GCAG,1889-11-15,-0.28
GISTEMP,1889-11-15,-.33
GISTEMP,1889-12-15,-.29
GCAG,1889-12-15,-0.14
GCAG,1890-01-15,-0.33
GISTEMP,1890-01-15,-0.42
GCAG,1890-02-15,-0.33
GISTEMP,1890-02-15,-0.44
GCAG,1890-03-15,-0.32
GISTEMP,1890-03-15,-0.4
GCAG,1890-04-15,-0.28
GISTEMP,1890-04-15,-0.3
GCAG,1890-05-15,-0.39
GISTEMP,1890-05-15,-0.39
GCAG,1890-06-15,-0.3
GISTEMP,1890-06-15,-.24
GCAG,1890-07-15,-0.27
GISTEMP,1890-07-15,-.28
GISTEMP,1890-08-15,-.39
GCAG,1890-08-15,-0.39
GISTEMP,1890-09-15,-.36
GCAG,1890-09-15,-0.42
GCAG,1890-10-15,-0.35
GISTEMP,1890-10-15,-.25
GCAG,1890-11-15,-0.44
GISTEMP,1890-11-15,-.43
GISTEMP,1890-12-15,-.31
GCAG,1890-12-15,-0.28
GCAG,1891-01-15,-0.38
GISTEMP,1891-01-15,-0.33
GCAG,1891-02-15,-0.54
GISTEMP,1891-02-15,-0.47
GCAG,1891-03-15,-0.24
GISTEMP,1891-03-15,-0.18
GISTEMP,1891-04-15,-0.27
GCAG,1891-04-15,-0.25
GISTEMP,1891-05-15,-0.16
GCAG,1891-05-15,-0.17
GCAG,1891-06-15,-0.19
GISTEMP,1891-06-15,-.21
GCAG,1891-07-15,-0.19
GISTEMP,1891-07-15,-.17
GISTEMP,1891-08-15,-.17
GCAG,1891-08-15,-0.21
GCAG,1891-09-15,-0.15
GISTEMP,1891-09-15,-.15
GCAG,1891-10-15,-0.29
GISTEMP,1891-10-15,-.21
GISTEMP,1891-11-15,-.31
GCAG,1891-11-15,-0.4
GCAG,1891-12-15,-0.06
GISTEMP,1891-12-15,-.04
GISTEMP,1892-01-15,-0.28
GCAG,1892-01-15,-0.23
GCAG,1892-02-15,-0.12
GISTEMP,1892-02-15,-0.11
GCAG,1892-03-15,-0.25
GISTEMP,1892-03-15,-0.4
GISTEMP,1892-04-15,-0.33
GCAG,1892-04-15,-0.33
GISTEMP,1892-05-15,-0.23
GCAG,1892-05-15,-0.27
GCAG,1892-06-15,-0.3
GISTEMP,1892-06-15,-.22
GCAG,1892-07-15,-0.39
GISTEMP,1892-07-15,-.31
GCAG,1892-08-15,-0.34
GISTEMP,1892-08-15,-.27
GCAG,1892-09-15,-0.22
GISTEMP,1892-09-15,-.16
GCAG,1892-10-15,-0.28
GISTEMP,1892-10-15,-.14
GCAG,1892-11-15,-0.48
GISTEMP,1892-11-15,-.42
GISTEMP,1892-12-15,-.38
GCAG,1892-12-15,-0.45
GISTEMP,1893-01-15,-0.81
GCAG,1893-01-15,-0.71
GCAG,1893-02-15,-0.61
GISTEMP,1893-02-15,-0.56
GCAG,1893-03-15,-0.23
GISTEMP,1893-03-15,-0.22
GISTEMP,1893-04-15,-0.27
GCAG,1893-04-15,-0.35
GISTEMP,1893-05-15,-0.33
GCAG,1893-05-15,-0.33
GISTEMP,1893-06-15,-.25
GCAG,1893-06-15,-0.27
GCAG,1893-07-15,-0.21
GISTEMP,1893-07-15,-.14
GCAG,1893-08-15,-0.31
GISTEMP,1893-08-15,-.24
GCAG,1893-09-15,-0.23
GISTEMP,1893-09-15,-.22
GCAG,1893-10-15,-0.25
GISTEMP,1893-10-15,-.19
GISTEMP,1893-11-15,-.19
GCAG,1893-11-15,-0.19
GCAG,1893-12-15,-0.26
GISTEMP,1893-12-15,-.34
GCAG,1894-01-15,-0.42
GISTEMP,1894-01-15,-0.53
GISTEMP,1894-02-15,-0.31
GCAG,1894-02-15,-0.24
GISTEMP,1894-03-15,-0.23
GCAG,1894-03-15,-0.28
GCAG,1894-04-15,-0.4
GISTEMP,1894-04-15,-0.45
GCAG,1894-05-15,-0.35
GISTEMP,1894-05-15,-0.32
GCAG,1894-06-15,-0.38
GISTEMP,1894-06-15,-.41
GISTEMP,1894-07-15,-.25
GCAG,1894-07-15,-0.3
GISTEMP,1894-08-15,-.25
GCAG,1894-08-15,-0.31
GISTEMP,1894-09-15,-.29
GCAG,1894-09-15,-0.27
GCAG,1894-10-15,-0.3
GISTEMP,1894-10-15,-.24
GISTEMP,1894-11-15,-.27
GCAG,1894-11-15,-0.35
GISTEMP,1894-12-15,-.22
GCAG,1894-12-15,-0.26
GISTEMP,1895-01-15,-0.42
GCAG,1895-01-15,-0.43
GCAG,1895-02-15,-0.4
GISTEMP,1895-02-15,-0.43
GISTEMP,1895-03-15,-0.34
GCAG,1895-03-15,-0.33
GISTEMP,1895-04-15,-0.22
GCAG,1895-04-15,-0.2
GISTEMP,1895-05-15,-0.28
GCAG,1895-05-15,-0.28
GCAG,1895-06-15,-0.29
GISTEMP,1895-06-15,-.21
GCAG,1895-07-15,-0.22
GISTEMP,1895-07-15,-.18
GISTEMP,1895-08-15,-.18
GCAG,1895-08-15,-0.25
GISTEMP,1895-09-15,-.12
GCAG,1895-09-15,-0.18
GISTEMP,1895-10-15,-.11
GCAG,1895-10-15,-0.12
GCAG,1895-11-15,-0.18
GISTEMP,1895-11-15,-.17
GCAG,1895-12-15,-0.12
GISTEMP,1895-12-15,-.14
GISTEMP,1896-01-15,-0.21
GCAG,1896-01-15,-0.15
GISTEMP,1896-02-15,-0.12
GCAG,1896-02-15,-0.11
GISTEMP,1896-03-15,-0.26
GCAG,1896-03-15,-0.22
GISTEMP,1896-04-15,-0.3
GCAG,1896-04-15,-0.24
GISTEMP,1896-05-15,-0.15
GCAG,1896-05-15,-0.13
GISTEMP,1896-06-15,-.11
GCAG,1896-06-15,-0.09
GISTEMP,1896-07-15,-.02
GCAG,1896-07-15,-0.04
GISTEMP,1896-08-15,-.05
GCAG,1896-08-15,-0.04
GISTEMP,1896-09-15,-.07
GCAG,1896-09-15,-0.04
GCAG,1896-10-15,0.01
GISTEMP,1896-10-15,.07
GISTEMP,1896-11-15,-.04
GCAG,1896-11-15,-0.16
GISTEMP,1896-12-15,-.04
GCAG,1896-12-15,0.06
GCAG,1897-01-15,-0.13
GISTEMP,1897-01-15,-0.14
GISTEMP,1897-02-15,-0.16
GCAG,1897-02-15,-0.1
GCAG,1897-03-15,-0.11
GISTEMP,1897-03-15,-0.13
GCAG,1897-04-15,0.05
GISTEMP,1897-04-15,-0.02
GISTEMP,1897-05-15,-0.01
GCAG,1897-05-15,0.0
GCAG,1897-06-15,-0.08
GISTEMP,1897-06-15,-.11
GISTEMP,1897-07-15,-.02
GCAG,1897-07-15,-0.02
GCAG,1897-08-15,-0.09
GISTEMP,1897-08-15,-.09
GCAG,1897-09-15,-0.05
GISTEMP,1897-09-15,-.08
GCAG,1897-10-15,-0.18
GISTEMP,1897-10-15,-.12
GCAG,1897-11-15,-0.25
GISTEMP,1897-11-15,-.18
GISTEMP,1897-12-15,-.20
GCAG,1897-12-15,-0.24
GCAG,1898-01-15,0.0
GISTEMP,1898-01-15,-0.02
GCAG,1898-02-15,-0.28
GISTEMP,1898-02-15,-0.3
GCAG,1898-03-15,-0.65
GISTEMP,1898-03-15,-0.51
GCAG,1898-04-15,-0.38
GISTEMP,1898-04-15,-0.3
GCAG,1898-05-15,-0.28
GISTEMP,1898-05-15,-0.3
GCAG,1898-06-15,-0.19
GISTEMP,1898-06-15,-.19
GISTEMP,1898-07-15,-.22
GCAG,1898-07-15,-0.22
GCAG,1898-08-15,-0.24
GISTEMP,1898-08-15,-.26
GISTEMP,1898-09-15,-.21
GCAG,1898-09-15,-0.23
GCAG,1898-10-15,-0.38
GISTEMP,1898-10-15,-.34
GCAG,1898-11-15,-0.31
GISTEMP,1898-11-15,-.38
GCAG,1898-12-15,-0.11
GISTEMP,1898-12-15,-.23
GISTEMP,1899-01-15,-0.16
GCAG,1899-01-15,-0.13
GISTEMP,1899-02-15,-0.38
GCAG,1899-02-15,-0.32
GISTEMP,1899-03-15,-0.36
GCAG,1899-03-15,-0.33
GISTEMP,1899-04-15,-0.2
GCAG,1899-04-15,-0.19
GISTEMP,1899-05-15,-0.23
GCAG,1899-05-15,-0.18
GISTEMP,1899-06-15,-.32
GCAG,1899-06-15,-0.27
GISTEMP,1899-07-15,-.16
GCAG,1899-07-15,-0.17
GISTEMP,1899-08-15,-.08
GCAG,1899-08-15,-0.1
GISTEMP,1899-09-15,-.05
GCAG,1899-09-15,-0.04
GISTEMP,1899-10-15,-.04
GCAG,1899-10-15,-0.09
GCAG,1899-11-15,0.11
GISTEMP,1899-11-15,.13
GISTEMP,1899-12-15,-.26
GCAG,1899-12-15,-0.19
GCAG,1900-01-15,-0.32
GISTEMP,1900-01-15,-0.35
GISTEMP,1900-02-15,-0.05
GCAG,1900-02-15,-0.07
GISTEMP,1900-03-15,0.01
GCAG,1900-03-15,-0.04
GISTEMP,1900-04-15,-0.08
GCAG,1900-04-15,-0.09
GCAG,1900-05-15,-0.06
GISTEMP,1900-05-15,-0.08
GISTEMP,1900-06-15,-.09
GCAG,1900-06-15,-0.04
GISTEMP,1900-07-15,-.12
GCAG,1900-07-15,-0.1
GISTEMP,1900-08-15,-.08
GCAG,1900-08-15,-0.07
GISTEMP,1900-09-15,-.05
GCAG,1900-09-15,-0.06
GISTEMP,1900-10-15,.10
GCAG,1900-10-15,0.07
GISTEMP,1900-11-15,-.06
GCAG,1900-11-15,-0.13
GISTEMP,1900-12-15,-.06
GCAG,1900-12-15,0.02
GISTEMP,1901-01-15,-0.21
GCAG,1901-01-15,-0.13
GCAG,1901-02-15,-0.08
GISTEMP,1901-02-15,-0.11
GCAG,1901-03-15,-0.03
GISTEMP,1901-03-15,0.06
GISTEMP,1901-04-15,-0.03
GCAG,1901-04-15,-0.06
GCAG,1901-05-15,-0.11
GISTEMP,1901-05-15,-0.15
GISTEMP,1901-06-15,-.12
GCAG,1901-06-15,-0.08
GISTEMP,1901-07-15,-.14
GCAG,1901-07-15,-0.13
GISTEMP,1901-08-15,-.20
GCAG,1901-08-15,-0.18
GCAG,1901-09-15,-0.25
GISTEMP,1901-09-15,-.22
GCAG,1901-10-15,-0.33
GISTEMP,1901-10-15,-.29
GCAG,1901-11-15,-0.2
GISTEMP,1901-11-15,-.18
GCAG,1901-12-15,-0.27
GISTEMP,1901-12-15,-.27
GCAG,1902-01-15,-0.11
GISTEMP,1902-01-15,-0.17
GCAG,1902-02-15,-0.05
GISTEMP,1902-02-15,-0.06
GCAG,1902-03-15,-0.22
GISTEMP,1902-03-15,-0.27
GISTEMP,1902-04-15,-0.28
GCAG,1902-04-15,-0.27
GCAG,1902-05-15,-0.29
GISTEMP,1902-05-15,-0.32
GISTEMP,1902-06-15,-.30
GCAG,1902-06-15,-0.3
GCAG,1902-07-15,-0.27
GISTEMP,1902-07-15,-.27
GISTEMP,1902-08-15,-.29
GCAG,1902-08-15,-0.29
GISTEMP,1902-09-15,-.28
GCAG,1902-09-15,-0.28
GCAG,1902-10-15,-0.31
GISTEMP,1902-10-15,-.28
GCAG,1902-11-15,-0.35
GISTEMP,1902-11-15,-.34
GISTEMP,1902-12-15,-.40
GCAG,1902-12-15,-0.38
GCAG,1903-01-15,-0.24
GISTEMP,1903-01-15,-0.23
GCAG,1903-02-15,-0.09
GISTEMP,1903-02-15,-0.05
GCAG,1903-03-15,-0.25
GISTEMP,1903-03-15,-0.22
GISTEMP,1903-04-15,-0.4
GCAG,1903-04-15,-0.36
GISTEMP,1903-05-15,-0.39
GCAG,1903-05-15,-0.41
GCAG,1903-06-15,-0.39
GISTEMP,1903-06-15,-.41
GCAG,1903-07-15,-0.4
GISTEMP,1903-07-15,-.35
GISTEMP,1903-08-15,-.45
GCAG,1903-08-15,-0.45
GCAG,1903-09-15,-0.46
GISTEMP,1903-09-15,-.49
GCAG,1903-10-15,-0.51
GISTEMP,1903-10-15,-.47
GISTEMP,1903-11-15,-.42
GCAG,1903-11-15,-0.48
GCAG,1903-12-15,-0.47
GISTEMP,1903-12-15,-.50
GISTEMP,1904-01-15,-0.62
GCAG,1904-01-15,-0.6
GCAG,1904-02-15,-0.57
GISTEMP,1904-02-15,-0.57
GCAG,1904-03-15,-0.57
GISTEMP,1904-03-15,-0.47
GISTEMP,1904-04-15,-0.5
GCAG,1904-04-15,-0.49
GISTEMP,1904-05-15,-0.51
GCAG,1904-05-15,-0.45
GCAG,1904-06-15,-0.44
GISTEMP,1904-06-15,-.48
GCAG,1904-07-15,-0.49
GISTEMP,1904-07-15,-.50
GCAG,1904-08-15,-0.44
GISTEMP,1904-08-15,-.49
GCAG,1904-09-15,-0.48
GISTEMP,1904-09-15,-.55
GCAG,1904-10-15,-0.42
GISTEMP,1904-10-15,-.38
GCAG,1904-11-15,-0.15
GISTEMP,1904-11-15,-.17
GISTEMP,1904-12-15,-.32
GCAG,1904-12-15,-0.3
GISTEMP,1905-01-15,-0.34
GCAG,1905-01-15,-0.35
GCAG,1905-02-15,-0.62
GISTEMP,1905-02-15,-0.58
GISTEMP,1905-03-15,-0.21
GCAG,1905-03-15,-0.39
GISTEMP,1905-04-15,-0.33
GCAG,1905-04-15,-0.4
GISTEMP,1905-05-15,-0.29
GCAG,1905-05-15,-0.26
GCAG,1905-06-15,-0.24
GISTEMP,1905-06-15,-.28
GISTEMP,1905-07-15,-.26
GCAG,1905-07-15,-0.22
GISTEMP,1905-08-15,-.20
GCAG,1905-08-15,-0.19
GISTEMP,1905-09-15,-.19
GCAG,1905-09-15,-0.21
GISTEMP,1905-10-15,-.24
GCAG,1905-10-15,-0.26
GISTEMP,1905-11-15,-.06
GCAG,1905-11-15,-0.08
GCAG,1905-12-15,-0.09
GISTEMP,1905-12-15,-.12
GCAG,1906-01-15,-0.14
GISTEMP,1906-01-15,-0.27
GCAG,1906-02-15,-0.23
GISTEMP,1906-02-15,-0.29
GCAG,1906-03-15,-0.18
GISTEMP,1906-03-15,-0.18
GCAG,1906-04-15,-0.06
GISTEMP,1906-04-15,-0.04
GCAG,1906-05-15,-0.22
GISTEMP,1906-05-15,-0.25
GISTEMP,1906-06-15,-.19
GCAG,1906-06-15,-0.15
GISTEMP,1906-07-15,-.22
GCAG,1906-07-15,-0.21
GISTEMP,1906-08-15,-.19
GCAG,1906-08-15,-0.24
GCAG,1906-09-15,-0.28
GISTEMP,1906-09-15,-.28
GISTEMP,1906-10-15,-.19
GCAG,1906-10-15,-0.28
GISTEMP,1906-11-15,-.37
GCAG,1906-11-15,-0.35
GISTEMP,1906-12-15,-.14
GCAG,1906-12-15,-0.15
GCAG,1907-01-15,-0.37
GISTEMP,1907-01-15,-0.42
GCAG,1907-02-15,-0.48
GISTEMP,1907-02-15,-0.51
GCAG,1907-03-15,-0.32
GISTEMP,1907-03-15,-0.27
GISTEMP,1907-04-15,-0.36
GCAG,1907-04-15,-0.36
GCAG,1907-05-15,-0.46
GISTEMP,1907-05-15,-0.46
GISTEMP,1907-06-15,-.41
GCAG,1907-06-15,-0.37
GISTEMP,1907-07-15,-.34
GCAG,1907-07-15,-0.33
GCAG,1907-08-15,-0.32
GISTEMP,1907-08-15,-.34
GCAG,1907-09-15,-0.36
GISTEMP,1907-09-15,-.34
GCAG,1907-10-15,-0.3
GISTEMP,1907-10-15,-.22
GISTEMP,1907-11-15,-.46
GCAG,1907-11-15,-0.48
GCAG,1907-12-15,-0.42
GISTEMP,1907-12-15,-.46
GISTEMP,1908-01-15,-0.44
GCAG,1908-01-15,-0.38
GCAG,1908-02-15,-0.36
GISTEMP,1908-02-15,-0.32
GISTEMP,1908-03-15,-0.55
GCAG,1908-03-15,-0.58
GCAG,1908-04-15,-0.45
GISTEMP,1908-04-15,-0.44
GCAG,1908-05-15,-0.38
GISTEMP,1908-05-15,-0.37
GISTEMP,1908-06-15,-.38
GCAG,1908-06-15,-0.38
GCAG,1908-07-15,-0.37
GISTEMP,1908-07-15,-.35
GISTEMP,1908-08-15,-.46
GCAG,1908-08-15,-0.45
GCAG,1908-09-15,-0.37
GISTEMP,1908-09-15,-.35
GISTEMP,1908-10-15,-.44
GCAG,1908-10-15,-0.5
GISTEMP,1908-11-15,-.51
GCAG,1908-11-15,-0.5
GCAG,1908-12-15,-0.42
GISTEMP,1908-12-15,-.48
GISTEMP,1909-01-15,-0.72
GCAG,1909-01-15,-0.58
GISTEMP,1909-02-15,-0.46
GCAG,1909-02-15,-0.46
GCAG,1909-03-15,-0.5
GISTEMP,1909-03-15,-0.54
GCAG,1909-04-15,-0.61
GISTEMP,1909-04-15,-0.59
GCAG,1909-05-15,-0.49
GISTEMP,1909-05-15,-0.54
GCAG,1909-06-15,-0.46
GISTEMP,1909-06-15,-.52
GCAG,1909-07-15,-0.46
GISTEMP,1909-07-15,-.45
GISTEMP,1909-08-15,-.33
GCAG,1909-08-15,-0.33
GCAG,1909-09-15,-0.34
GISTEMP,1909-09-15,-.38
GCAG,1909-10-15,-0.36
GISTEMP,1909-10-15,-.39
GCAG,1909-11-15,-0.28
GISTEMP,1909-11-15,-.31
GISTEMP,1909-12-15,-.56
GCAG,1909-12-15,-0.42
GCAG,1910-01-15,-0.36
GISTEMP,1910-01-15,-0.41
GISTEMP,1910-02-15,-0.41
GCAG,1910-02-15,-0.41
GISTEMP,1910-03-15,-0.5
GCAG,1910-03-15,-0.51
GISTEMP,1910-04-15,-0.42
GCAG,1910-04-15,-0.38
GISTEMP,1910-05-15,-0.34
GCAG,1910-05-15,-0.31
GISTEMP,1910-06-15,-.39
GCAG,1910-06-15,-0.34
GISTEMP,1910-07-15,-.34
GCAG,1910-07-15,-0.31
GCAG,1910-08-15,-0.35
GISTEMP,1910-08-15,-.36
GCAG,1910-09-15,-0.37
GISTEMP,1910-09-15,-.39
GISTEMP,1910-10-15,-.40
GCAG,1910-10-15,-0.43
GCAG,1910-11-15,-0.49
GISTEMP,1910-11-15,-.55
GISTEMP,1910-12-15,-.67
GCAG,1910-12-15,-0.58
GISTEMP,1911-01-15,-0.62
GCAG,1911-01-15,-0.55
GISTEMP,1911-02-15,-0.58
GCAG,1911-02-15,-0.57
GCAG,1911-03-15,-0.6
GISTEMP,1911-03-15,-0.61
GCAG,1911-04-15,-0.54
GISTEMP,1911-04-15,-0.53
GCAG,1911-05-15,-0.53
GISTEMP,1911-05-15,-0.52
GISTEMP,1911-06-15,-.50
GCAG,1911-06-15,-0.48
GISTEMP,1911-07-15,-.41
GCAG,1911-07-15,-0.47
GCAG,1911-08-15,-0.44
GISTEMP,1911-08-15,-.44
GCAG,1911-09-15,-0.4
GISTEMP,1911-09-15,-.41
GCAG,1911-10-15,-0.32
GISTEMP,1911-10-15,-.27
GCAG,1911-11-15,-0.25
GISTEMP,1911-11-15,-.21
GISTEMP,1911-12-15,-.21
GCAG,1911-12-15,-0.21
GISTEMP,1912-01-15,-0.26
GCAG,1912-01-15,-0.27
GCAG,1912-02-15,-0.13
GISTEMP,1912-02-15,-0.15
GISTEMP,1912-03-15,-0.38
GCAG,1912-03-15,-0.32
GISTEMP,1912-04-15,-0.18
GCAG,1912-04-15,-0.2
GISTEMP,1912-05-15,-0.2
GCAG,1912-05-15,-0.2
GCAG,1912-06-15,-0.22
GISTEMP,1912-06-15,-.24
GISTEMP,1912-07-15,-.42
GCAG,1912-07-15,-0.35
GCAG,1912-08-15,-0.46
GISTEMP,1912-08-15,-.54
GISTEMP,1912-09-15,-.59
GCAG,1912-09-15,-0.53
GCAG,1912-10-15,-0.54
GISTEMP,1912-10-15,-.57
GISTEMP,1912-11-15,-.39
GCAG,1912-11-15,-0.42
GISTEMP,1912-12-15,-.43
GCAG,1912-12-15,-0.4
GISTEMP,1913-01-15,-0.4
GCAG,1913-01-15,-0.35
GISTEMP,1913-02-15,-0.46
GCAG,1913-02-15,-0.41
GISTEMP,1913-03-15,-0.43
GCAG,1913-03-15,-0.46
GISTEMP,1913-04-15,-0.4
GCAG,1913-04-15,-0.38
GCAG,1913-05-15,-0.4
GISTEMP,1913-05-15,-0.43
GISTEMP,1913-06-15,-.45
GCAG,1913-06-15,-0.38
GCAG,1913-07-15,-0.31
GISTEMP,1913-07-15,-.36
GCAG,1913-08-15,-0.29
GISTEMP,1913-08-15,-.33
GCAG,1913-09-15,-0.34
GISTEMP,1913-09-15,-.35
GCAG,1913-10-15,-0.31
GISTEMP,1913-10-15,-.32
GISTEMP,1913-11-15,-.20
GCAG,1913-11-15,-0.16
GISTEMP,1913-12-15,-.03
GCAG,1913-12-15,-0.04
GCAG,1914-01-15,0.11
GISTEMP,1914-01-15,0.04
GISTEMP,1914-02-15,-0.1
GCAG,1914-02-15,-0.11
GISTEMP,1914-03-15,-0.24
GCAG,1914-03-15,-0.18
GCAG,1914-04-15,-0.25
GISTEMP,1914-04-15,-0.3
GISTEMP,1914-05-15,-0.21
GCAG,1914-05-15,-0.15
GCAG,1914-06-15,-0.19
GISTEMP,1914-06-15,-.26
GISTEMP,1914-07-15,-.24
GCAG,1914-07-15,-0.22
GISTEMP,1914-08-15,-.16
GCAG,1914-08-15,-0.2
GCAG,1914-09-15,-0.21
GISTEMP,1914-09-15,-.17
GCAG,1914-10-15,-0.1
GISTEMP,1914-10-15,-.03
GISTEMP,1914-11-15,-.15
GCAG,1914-11-15,-0.09
GCAG,1914-12-15,-0.09
GISTEMP,1914-12-15,-.04
GCAG,1915-01-15,-0.15
GISTEMP,1915-01-15,-0.2
GISTEMP,1915-02-15,-0.04
GCAG,1915-02-15,0.0
GCAG,1915-03-15,-0.08
GISTEMP,1915-03-15,-0.1
GISTEMP,1915-04-15,0.06
GCAG,1915-04-15,0.04
GISTEMP,1915-05-15,-0.06
GCAG,1915-05-15,-0.06
GCAG,1915-06-15,-0.14
GISTEMP,1915-06-15,-.22
GCAG,1915-07-15,-0.07
GISTEMP,1915-07-15,-.12
GCAG,1915-08-15,-0.12
GISTEMP,1915-08-15,-.22
GISTEMP,1915-09-15,-.21
GCAG,1915-09-15,-0.17
GISTEMP,1915-10-15,-.24
GCAG,1915-10-15,-0.23
GISTEMP,1915-11-15,-.12
GCAG,1915-11-15,-0.03
GISTEMP,1915-12-15,-.22
GCAG,1915-12-15,-0.12
GISTEMP,1916-01-15,-0.12
GCAG,1916-01-15,-0.13
GISTEMP,1916-02-15,-0.14
GCAG,1916-02-15,-0.17
GISTEMP,1916-03-15,-0.28
GCAG,1916-03-15,-0.28
GISTEMP,1916-04-15,-0.3
GCAG,1916-04-15,-0.26
GCAG,1916-05-15,-0.32
GISTEMP,1916-05-15,-0.34
GISTEMP,1916-06-15,-.49
GCAG,1916-06-15,-0.4
GISTEMP,1916-07-15,-.37
GCAG,1916-07-15,-0.33
GCAG,1916-08-15,-0.32
GISTEMP,1916-08-15,-.28
GCAG,1916-09-15,-0.33
GISTEMP,1916-09-15,-.36
GISTEMP,1916-10-15,-.33
GCAG,1916-10-15,-0.28
GISTEMP,1916-11-15,-.46
GCAG,1916-11-15,-0.44
GISTEMP,1916-12-15,-.81
GCAG,1916-12-15,-0.63
GISTEMP,1917-01-15,-0.57
GCAG,1917-01-15,-0.53
GISTEMP,1917-02-15,-0.63
GCAG,1917-02-15,-0.58
GCAG,1917-03-15,-0.63
GISTEMP,1917-03-15,-0.63
GCAG,1917-04-15,-0.47
GISTEMP,1917-04-15,-0.54
GISTEMP,1917-05-15,-0.54
GCAG,1917-05-15,-0.57
GISTEMP,1917-06-15,-.43
GCAG,1917-06-15,-0.4
GCAG,1917-07-15,-0.2
GISTEMP,1917-07-15,-.25
GCAG,1917-08-15,-0.17
GISTEMP,1917-08-15,-.22
GISTEMP,1917-09-15,-.23
GCAG,1917-09-15,-0.11
GISTEMP,1917-10-15,-.44
GCAG,1917-10-15,-0.33
GISTEMP,1917-11-15,-.33
GCAG,1917-11-15,-0.22
GISTEMP,1917-12-15,-.67
GCAG,1917-12-15,-0.55
GISTEMP,1918-01-15,-0.48
GCAG,1918-01-15,-0.33
GISTEMP,1918-02-15,-0.34
GCAG,1918-02-15,-0.38
GISTEMP,1918-03-15,-0.25
GCAG,1918-03-15,-0.31
GISTEMP,1918-04-15,-0.44
GCAG,1918-04-15,-0.44
GISTEMP,1918-05-15,-0.42
GCAG,1918-05-15,-0.46
GISTEMP,1918-06-15,-.36
GCAG,1918-06-15,-0.35
GISTEMP,1918-07-15,-.31
GCAG,1918-07-15,-0.3
GISTEMP,1918-08-15,-.31
GCAG,1918-08-15,-0.31
GISTEMP,1918-09-15,-.17
GCAG,1918-09-15,-0.2
GCAG,1918-10-15,-0.12
GISTEMP,1918-10-15,-.06
GCAG,1918-11-15,-0.12
GISTEMP,1918-11-15,-.12
GISTEMP,1918-12-15,-.30
GCAG,1918-12-15,-0.35
GCAG,1919-01-15,-0.24
GISTEMP,1919-01-15,-0.2
GCAG,1919-02-15,-0.12
GISTEMP,1919-02-15,-0.24
GCAG,1919-03-15,-0.23
GISTEMP,1919-03-15,-0.21
GISTEMP,1919-04-15,-0.12
GCAG,1919-04-15,-0.06
GISTEMP,1919-05-15,-0.27
GCAG,1919-05-15,-0.25
GISTEMP,1919-06-15,-.36
GCAG,1919-06-15,-0.28
GCAG,1919-07-15,-0.25
GISTEMP,1919-07-15,-.29
GISTEMP,1919-08-15,-.32
GCAG,1919-08-15,-0.3
GISTEMP,1919-09-15,-.25
GCAG,1919-09-15,-0.24
GISTEMP,1919-10-15,-.20
GCAG,1919-10-15,-0.24
GISTEMP,1919-11-15,-.40
GCAG,1919-11-15,-0.4
GISTEMP,1919-12-15,-.41
GCAG,1919-12-15,-0.41
GISTEMP,1920-01-15,-0.24
GCAG,1920-01-15,-0.2
GCAG,1920-02-15,-0.32
GISTEMP,1920-02-15,-0.26
GISTEMP,1920-03-15,-0.12
GCAG,1920-03-15,-0.09
GCAG,1920-04-15,-0.19
GISTEMP,1920-04-15,-0.24
GCAG,1920-05-15,-0.17
GISTEMP,1920-05-15,-0.27
GISTEMP,1920-06-15,-.36
GCAG,1920-06-15,-0.26
GCAG,1920-07-15,-0.24
GISTEMP,1920-07-15,-.30
GCAG,1920-08-15,-0.24
GISTEMP,1920-08-15,-.26
GCAG,1920-09-15,-0.18
GISTEMP,1920-09-15,-.21
GISTEMP,1920-10-15,-.26
GCAG,1920-10-15,-0.23
GISTEMP,1920-11-15,-.26
GCAG,1920-11-15,-0.23
GISTEMP,1920-12-15,-.46
GCAG,1920-12-15,-0.43
GCAG,1921-01-15,-0.08
GISTEMP,1921-01-15,-0.04
GISTEMP,1921-02-15,-0.17
GCAG,1921-02-15,-0.18
GCAG,1921-03-15,-0.26
GISTEMP,1921-03-15,-0.22
GISTEMP,1921-04-15,-0.29
GCAG,1921-04-15,-0.21
GCAG,1921-05-15,-0.23
GISTEMP,1921-05-15,-0.29
GISTEMP,1921-06-15,-.26
GCAG,1921-06-15,-0.17
GISTEMP,1921-07-15,-.13
GCAG,1921-07-15,-0.13
GCAG,1921-08-15,-0.22
GISTEMP,1921-08-15,-.25
GCAG,1921-09-15,-0.14
GISTEMP,1921-09-15,-.18
GISTEMP,1921-10-15,-.03
GCAG,1921-10-15,-0.06
GCAG,1921-11-15,-0.17
GISTEMP,1921-11-15,-.13
GISTEMP,1921-12-15,-.17
GCAG,1921-12-15,-0.1
GCAG,1922-01-15,-0.31
GISTEMP,1922-01-15,-0.33
GCAG,1922-02-15,-0.32
GISTEMP,1922-02-15,-0.44
GISTEMP,1922-03-15,-0.15
GCAG,1922-03-15,-0.11
GISTEMP,1922-04-15,-0.23
GCAG,1922-04-15,-0.16
GISTEMP,1922-05-15,-0.33
GCAG,1922-05-15,-0.31
GISTEMP,1922-06-15,-.32
GCAG,1922-06-15,-0.27
GCAG,1922-07-15,-0.25
GISTEMP,1922-07-15,-.27
GCAG,1922-08-15,-0.3
GISTEMP,1922-08-15,-.33
GISTEMP,1922-09-15,-.36
GCAG,1922-09-15,-0.32
GCAG,1922-10-15,-0.28
GISTEMP,1922-10-15,-.32
GCAG,1922-11-15,-0.16
GISTEMP,1922-11-15,-.15
GCAG,1922-12-15,-0.2
GISTEMP,1922-12-15,-.19
GISTEMP,1923-01-15,-0.27
GCAG,1923-01-15,-0.24
GISTEMP,1923-02-15,-0.39
GCAG,1923-02-15,-0.42
GISTEMP,1923-03-15,-0.34
GCAG,1923-03-15,-0.33
GISTEMP,1923-04-15,-0.41
GCAG,1923-04-15,-0.39
GISTEMP,1923-05-15,-0.34
GCAG,1923-05-15,-0.28
GISTEMP,1923-06-15,-.30
GCAG,1923-06-15,-0.24
GISTEMP,1923-07-15,-.31
GCAG,1923-07-15,-0.3
GISTEMP,1923-08-15,-.33
GCAG,1923-08-15,-0.33
GISTEMP,1923-09-15,-.31
GCAG,1923-09-15,-0.29
GISTEMP,1923-10-15,-.13
GCAG,1923-10-15,-0.19
GCAG,1923-11-15,-0.02
GISTEMP,1923-11-15,-.02
GISTEMP,1923-12-15,-.04
GCAG,1923-12-15,-0.01
GCAG,1924-01-15,-0.22
GISTEMP,1924-01-15,-0.23
GISTEMP,1924-02-15,-0.24
GCAG,1924-02-15,-0.19
GISTEMP,1924-03-15,-0.08
GCAG,1924-03-15,-0.09
GISTEMP,1924-04-15,-0.31
GCAG,1924-04-15,-0.23
GCAG,1924-05-15,-0.15
GISTEMP,1924-05-15,-0.18
GISTEMP,1924-06-15,-.26
GCAG,1924-06-15,-0.2
GISTEMP,1924-07-15,-.29
GCAG,1924-07-15,-0.23
GISTEMP,1924-08-15,-.36
GCAG,1924-08-15,-0.31
GISTEMP,1924-09-15,-.32
GCAG,1924-09-15,-0.29
GISTEMP,1924-10-15,-.36
GCAG,1924-10-15,-0.31
GISTEMP,1924-11-15,-.21
GCAG,1924-11-15,-0.29
GISTEMP,1924-12-15,-.43
GCAG,1924-12-15,-0.41
GISTEMP,1925-01-15,-0.38
GCAG,1925-01-15,-0.4
GCAG,1925-02-15,-0.39
GISTEMP,1925-02-15,-0.4
GCAG,1925-03-15,-0.24
GISTEMP,1925-03-15,-0.28
GISTEMP,1925-04-15,-0.25
GCAG,1925-04-15,-0.18
GCAG,1925-05-15,-0.21
GISTEMP,1925-05-15,-0.29
GISTEMP,1925-06-15,-.32
GCAG,1925-06-15,-0.23
GISTEMP,1925-07-15,-.26
GCAG,1925-07-15,-0.21
GISTEMP,1925-08-15,-.20
GCAG,1925-08-15,-0.15
GCAG,1925-09-15,-0.13
GISTEMP,1925-09-15,-.20
GCAG,1925-10-15,-0.16
GISTEMP,1925-10-15,-.17
GCAG,1925-11-15,0.05
GISTEMP,1925-11-15,.05
GCAG,1925-12-15,0.12
GISTEMP,1925-12-15,.06
GCAG,1926-01-15,0.13
GISTEMP,1926-01-15,0.21
GCAG,1926-02-15,0.04
GISTEMP,1926-02-15,0.03
GCAG,1926-03-15,0.06
GISTEMP,1926-03-15,0.11
GISTEMP,1926-04-15,-0.12
GCAG,1926-04-15,-0.13
GCAG,1926-05-15,-0.12
GISTEMP,1926-05-15,-0.23
GISTEMP,1926-06-15,-.25
GCAG,1926-06-15,-0.1
GCAG,1926-07-15,-0.19
GISTEMP,1926-07-15,-.27
GISTEMP,1926-08-15,-.13
GCAG,1926-08-15,-0.1
GISTEMP,1926-09-15,-.14
GCAG,1926-09-15,-0.11
GCAG,1926-10-15,-0.07
GISTEMP,1926-10-15,-.11
GCAG,1926-11-15,-0.07
GISTEMP,1926-11-15,-.06
GISTEMP,1926-12-15,-.29
GCAG,1926-12-15,-0.21
GCAG,1927-01-15,-0.23
GISTEMP,1927-01-15,-0.27
GCAG,1927-02-15,-0.19
GISTEMP,1927-02-15,-0.18
GCAG,1927-03-15,-0.3
GISTEMP,1927-03-15,-0.38
GISTEMP,1927-04-15,-0.3
GCAG,1927-04-15,-0.25
GISTEMP,1927-05-15,-0.25
GCAG,1927-05-15,-0.22
GCAG,1927-06-15,-0.19
GISTEMP,1927-06-15,-.27
GCAG,1927-07-15,-0.13
GISTEMP,1927-07-15,-.18
GISTEMP,1927-08-15,-.24
GCAG,1927-08-15,-0.15
GCAG,1927-09-15,-0.07
GISTEMP,1927-09-15,-.13
GCAG,1927-10-15,0.01
GISTEMP,1927-10-15,-.01
GISTEMP,1927-11-15,-.05
GCAG,1927-11-15,-0.04
GCAG,1927-12-15,-0.28
GISTEMP,1927-12-15,-.33
GCAG,1928-01-15,-0.08
GISTEMP,1928-01-15,-0.02
GCAG,1928-02-15,-0.16
GISTEMP,1928-02-15,-0.09
GCAG,1928-03-15,-0.26
GISTEMP,1928-03-15,-0.25
GISTEMP,1928-04-15,-0.28
GCAG,1928-04-15,-0.24
GCAG,1928-05-15,-0.2
GISTEMP,1928-05-15,-0.3
GISTEMP,1928-06-15,-.38
GCAG,1928-06-15,-0.27
GCAG,1928-07-15,-0.16
GISTEMP,1928-07-15,-.19
GISTEMP,1928-08-15,-.22
GCAG,1928-08-15,-0.2
GCAG,1928-09-15,-0.17
GISTEMP,1928-09-15,-.21
GISTEMP,1928-10-15,-.19
GCAG,1928-10-15,-0.16
GISTEMP,1928-11-15,-.09
GCAG,1928-11-15,-0.09
GISTEMP,1928-12-15,-.16
GCAG,1928-12-15,-0.17
GISTEMP,1929-01-15,-0.45
GCAG,1929-01-15,-0.48
GISTEMP,1929-02-15,-0.58
GCAG,1929-02-15,-0.57
GISTEMP,1929-03-15,-0.32
GCAG,1929-03-15,-0.3
GCAG,1929-04-15,-0.33
GISTEMP,1929-04-15,-0.41
GCAG,1929-05-15,-0.32
GISTEMP,1929-05-15,-0.38
GISTEMP,1929-06-15,-.44
GCAG,1929-06-15,-0.35
GISTEMP,1929-07-15,-.36
GCAG,1929-07-15,-0.33
GISTEMP,1929-08-15,-.32
GCAG,1929-08-15,-0.24
GISTEMP,1929-09-15,-.25
GCAG,1929-09-15,-0.22
GISTEMP,1929-10-15,-.14
GCAG,1929-10-15,-0.14
GISTEMP,1929-11-15,-.11
GCAG,1929-11-15,-0.11
GISTEMP,1929-12-15,-.54
GCAG,1929-12-15,-0.52
GCAG,1930-01-15,-0.34
GISTEMP,1930-01-15,-0.29
GISTEMP,1930-02-15,-0.27
GCAG,1930-02-15,-0.23
GCAG,1930-03-15,-0.08
GISTEMP,1930-03-15,-0.11
GCAG,1930-04-15,-0.21
GISTEMP,1930-04-15,-0.24
GCAG,1930-05-15,-0.18
GISTEMP,1930-05-15,-0.23
GCAG,1930-06-15,-0.13
GISTEMP,1930-06-15,-.22
GCAG,1930-07-15,-0.09
GISTEMP,1930-07-15,-.20
GCAG,1930-08-15,-0.09
GISTEMP,1930-08-15,-.15
GISTEMP,1930-09-15,-.15
GCAG,1930-09-15,-0.09
GISTEMP,1930-10-15,-.11
GCAG,1930-10-15,-0.02
GCAG,1930-11-15,0.16
GISTEMP,1930-11-15,.18
GISTEMP,1930-12-15,-.05
GCAG,1930-12-15,0.01
GISTEMP,1931-01-15,-0.1
GCAG,1931-01-15,-0.03
GISTEMP,1931-02-15,-0.21
GCAG,1931-02-15,-0.22
GISTEMP,1931-03-15,-0.1
GCAG,1931-03-15,-0.01
GISTEMP,1931-04-15,-0.23
GCAG,1931-04-15,-0.13
GCAG,1931-05-15,-0.14
GISTEMP,1931-05-15,-0.2
GISTEMP,1931-06-15,-.09
GCAG,1931-06-15,-0.02
GCAG,1931-07-15,-0.01
GISTEMP,1931-07-15,-.03
GISTEMP,1931-08-15,-.03
GCAG,1931-08-15,0.01
GISTEMP,1931-09-15,-.07
GCAG,1931-09-15,0.01
GISTEMP,1931-10-15,.05
GCAG,1931-10-15,0.04
GISTEMP,1931-11-15,-.06
GCAG,1931-11-15,-0.12
GCAG,1931-12-15,-0.08
GISTEMP,1931-12-15,-.05
GCAG,1932-01-15,0.15
GISTEMP,1932-01-15,0.16
GISTEMP,1932-02-15,-0.17
GCAG,1932-02-15,-0.17
GCAG,1932-03-15,-0.19
GISTEMP,1932-03-15,-0.17
GCAG,1932-04-15,-0.03
GISTEMP,1932-04-15,-0.05
GISTEMP,1932-05-15,-0.17
GCAG,1932-05-15,-0.16
GISTEMP,1932-06-15,-.29
GCAG,1932-06-15,-0.19
GISTEMP,1932-07-15,-.25
GCAG,1932-07-15,-0.15
GISTEMP,1932-08-15,-.22
GCAG,1932-08-15,-0.19
GCAG,1932-09-15,-0.08
GISTEMP,1932-09-15,-.10
GCAG,1932-10-15,-0.09
GISTEMP,1932-10-15,-.08
GISTEMP,1932-11-15,-.27
GCAG,1932-11-15,-0.21
GCAG,1932-12-15,-0.22
GISTEMP,1932-12-15,-.25
GCAG,1933-01-15,-0.28
GISTEMP,1933-01-15,-0.23
GCAG,1933-02-15,-0.32
GISTEMP,1933-02-15,-0.29
GCAG,1933-03-15,-0.28
GISTEMP,1933-03-15,-0.29
GCAG,1933-04-15,-0.21
GISTEMP,1933-04-15,-0.23
GCAG,1933-05-15,-0.23
GISTEMP,1933-05-15,-0.29
GCAG,1933-06-15,-0.26
GISTEMP,1933-06-15,-.34
GISTEMP,1933-07-15,-.21
GCAG,1933-07-15,-0.2
GISTEMP,1933-08-15,-.24
GCAG,1933-08-15,-0.21
GISTEMP,1933-09-15,-.29
GCAG,1933-09-15,-0.26
GCAG,1933-10-15,-0.2
GISTEMP,1933-10-15,-.25
GISTEMP,1933-11-15,-.30
GCAG,1933-11-15,-0.24
GCAG,1933-12-15,-0.4
GISTEMP,1933-12-15,-.44
GCAG,1934-01-15,-0.3
GISTEMP,1934-01-15,-0.2
GCAG,1934-02-15,-0.08
GISTEMP,1934-02-15,-0.02
GISTEMP,1934-03-15,-0.28
GCAG,1934-03-15,-0.32
GCAG,1934-04-15,-0.27
GISTEMP,1934-04-15,-0.3
GISTEMP,1934-05-15,-0.09
GCAG,1934-05-15,-0.06
GCAG,1934-06-15,-0.03
GISTEMP,1934-06-15,-.14
GISTEMP,1934-07-15,-.09
GCAG,1934-07-15,-0.07
GISTEMP,1934-08-15,-.11
GCAG,1934-08-15,-0.04
GISTEMP,1934-09-15,-.15
GCAG,1934-09-15,-0.12
GCAG,1934-10-15,-0.04
GISTEMP,1934-10-15,-.06
GCAG,1934-11-15,0.03
GISTEMP,1934-11-15,.04
GISTEMP,1934-12-15,-.02
GCAG,1934-12-15,-0.02
GISTEMP,1935-01-15,-0.33
GCAG,1935-01-15,-0.28
GISTEMP,1935-02-15,0.15
GCAG,1935-02-15,0.16
GCAG,1935-03-15,-0.16
GISTEMP,1935-03-15,-0.13
GCAG,1935-04-15,-0.29
GISTEMP,1935-04-15,-0.36
GISTEMP,1935-05-15,-0.28
GCAG,1935-05-15,-0.22
GISTEMP,1935-06-15,-.26
GCAG,1935-06-15,-0.19
GISTEMP,1935-07-15,-.21
GCAG,1935-07-15,-0.16
GISTEMP,1935-08-15,-.21
GCAG,1935-08-15,-0.15
GISTEMP,1935-09-15,-.21
GCAG,1935-09-15,-0.14
GISTEMP,1935-10-15,-.06
GCAG,1935-10-15,-0.03
GCAG,1935-11-15,-0.27
GISTEMP,1935-11-15,-.26
GCAG,1935-12-15,-0.15
GISTEMP,1935-12-15,-.17
GCAG,1936-01-15,-0.27
GISTEMP,1936-01-15,-0.27
GCAG,1936-02-15,-0.3
GISTEMP,1936-02-15,-0.38
GCAG,1936-03-15,-0.17
GISTEMP,1936-03-15,-0.21
GCAG,1936-04-15,-0.18
GISTEMP,1936-04-15,-0.2
GCAG,1936-05-15,-0.11
GISTEMP,1936-05-15,-0.16
GCAG,1936-06-15,-0.15
GISTEMP,1936-06-15,-.22
GCAG,1936-07-15,-0.05
GISTEMP,1936-07-15,-.09
GCAG,1936-08-15,-0.08
GISTEMP,1936-08-15,-.13
GCAG,1936-09-15,-0.07
GISTEMP,1936-09-15,-.09
GCAG,1936-10-15,-0.02
GISTEMP,1936-10-15,-.02
GCAG,1936-11-15,-0.01
GISTEMP,1936-11-15,.02
GCAG,1936-12-15,-0.01
GISTEMP,1936-12-15,.00
GCAG,1937-01-15,-0.18
GISTEMP,1937-01-15,-0.07
GCAG,1937-02-15,0.03
GISTEMP,1937-02-15,0.04
GCAG,1937-03-15,-0.18
GISTEMP,1937-03-15,-0.2
GCAG,1937-04-15,-0.13
GISTEMP,1937-04-15,-0.15
GCAG,1937-05-15,-0.02
GISTEMP,1937-05-15,-0.04
GCAG,1937-06-15,0.03
GISTEMP,1937-06-15,-.04
GISTEMP,1937-07-15,-.03
GCAG,1937-07-15,0.0
GCAG,1937-08-15,0.08
GISTEMP,1937-08-15,.02
GISTEMP,1937-09-15,.09
GCAG,1937-09-15,0.14
GISTEMP,1937-10-15,.09
GCAG,1937-10-15,0.1
GISTEMP,1937-11-15,.09
GCAG,1937-11-15,0.08
GISTEMP,1937-12-15,-.07
GCAG,1937-12-15,-0.07
GISTEMP,1938-01-15,0.08
GCAG,1938-01-15,0.02
GISTEMP,1938-02-15,0.04
GCAG,1938-02-15,-0.01
GISTEMP,1938-03-15,0.1
GCAG,1938-03-15,0.03
GISTEMP,1938-04-15,0.06
GCAG,1938-04-15,0.08
GISTEMP,1938-05-15,-0.09
GCAG,1938-05-15,-0.03
GCAG,1938-06-15,-0.11
GISTEMP,1938-06-15,-.17
GCAG,1938-07-15,-0.07
GISTEMP,1938-07-15,-.09
GISTEMP,1938-08-15,-.05
GCAG,1938-08-15,-0.05
GISTEMP,1938-09-15,.01
GCAG,1938-09-15,0.01
GISTEMP,1938-10-15,.15
GCAG,1938-10-15,0.08
GISTEMP,1938-11-15,.08
GCAG,1938-11-15,0.02
GISTEMP,1938-12-15,-.12
GCAG,1938-12-15,-0.2
GISTEMP,1939-01-15,-0.05
GCAG,1939-01-15,-0.11
GISTEMP,1939-02-15,-0.06
GCAG,1939-02-15,-0.09
GISTEMP,1939-03-15,-0.17
GCAG,1939-03-15,-0.17
GISTEMP,1939-04-15,-0.09
GCAG,1939-04-15,-0.1
GISTEMP,1939-05-15,-0.04
GCAG,1939-05-15,-0.02
GISTEMP,1939-06-15,-.06
GCAG,1939-06-15,0.0
GISTEMP,1939-07-15,-.05
GCAG,1939-07-15,0.0
GISTEMP,1939-08-15,-.06
GCAG,1939-08-15,0.05
GISTEMP,1939-09-15,-.07
GCAG,1939-09-15,0.01
GCAG,1939-10-15,0.0
GISTEMP,1939-10-15,-.03
GCAG,1939-11-15,0.09
GISTEMP,1939-11-15,.07
GCAG,1939-12-15,0.5
GISTEMP,1939-12-15,.44
GISTEMP,1940-01-15,0.0
GCAG,1940-01-15,0.01
GISTEMP,1940-02-15,0.09
GCAG,1940-02-15,0.13
GISTEMP,1940-03-15,0.1
GCAG,1940-03-15,0.1
GISTEMP,1940-04-15,0.18
GCAG,1940-04-15,0.19
GISTEMP,1940-05-15,0.11
GCAG,1940-05-15,0.14
GCAG,1940-06-15,0.13
GISTEMP,1940-06-15,.11
GCAG,1940-07-15,0.16
GISTEMP,1940-07-15,.13
GISTEMP,1940-08-15,.07
GCAG,1940-08-15,0.13
GCAG,1940-09-15,0.2
GISTEMP,1940-09-15,.15
GISTEMP,1940-10-15,.12
GCAG,1940-10-15,0.16
GISTEMP,1940-11-15,.17
GCAG,1940-11-15,0.21
GCAG,1940-12-15,0.35
GISTEMP,1940-12-15,.32
GCAG,1941-01-15,0.27
GISTEMP,1941-01-15,0.18
GCAG,1941-02-15,0.34
GISTEMP,1941-02-15,0.31
GCAG,1941-03-15,0.18
GISTEMP,1941-03-15,0.1
GCAG,1941-04-15,0.28
GISTEMP,1941-04-15,0.17
GISTEMP,1941-05-15,0.17
GCAG,1941-05-15,0.28
GCAG,1941-06-15,0.25
GISTEMP,1941-06-15,.13
GISTEMP,1941-07-15,.22
GCAG,1941-07-15,0.28
GISTEMP,1941-08-15,.15
GCAG,1941-08-15,0.24
GCAG,1941-09-15,0.14
GISTEMP,1941-09-15,.02
GISTEMP,1941-10-15,.35
GCAG,1941-10-15,0.43
GCAG,1941-11-15,0.32
GISTEMP,1941-11-15,.23
GISTEMP,1941-12-15,.22
GCAG,1941-12-15,0.26
GISTEMP,1942-01-15,0.3
GCAG,1942-01-15,0.29
GISTEMP,1942-02-15,0.02
GCAG,1942-02-15,0.07
GCAG,1942-03-15,0.15
GISTEMP,1942-03-15,0.06
GISTEMP,1942-04-15,0.1
GCAG,1942-04-15,0.16
GISTEMP,1942-05-15,0.11
GCAG,1942-05-15,0.14
GISTEMP,1942-06-15,.05
GCAG,1942-06-15,0.16
GISTEMP,1942-07-15,.01
GCAG,1942-07-15,0.03
GISTEMP,1942-08-15,-.04
GCAG,1942-08-15,0.0
GISTEMP,1942-09-15,-.03
GCAG,1942-09-15,0.05
GCAG,1942-10-15,0.07
GISTEMP,1942-10-15,.02
GISTEMP,1942-11-15,.10
GCAG,1942-11-15,0.09
GISTEMP,1942-12-15,.13
GCAG,1942-12-15,0.11
GCAG,1943-01-15,-0.03
GISTEMP,1943-01-15,-0.01
GISTEMP,1943-02-15,0.18
GCAG,1943-02-15,0.11
GISTEMP,1943-03-15,-0.03
GCAG,1943-03-15,-0.03
GCAG,1943-04-15,0.11
GISTEMP,1943-04-15,0.11
GCAG,1943-05-15,0.1
GISTEMP,1943-05-15,0.07
GISTEMP,1943-06-15,-.05
GCAG,1943-06-15,-0.02
GISTEMP,1943-07-15,.09
GCAG,1943-07-15,0.1
GISTEMP,1943-08-15,.01
GCAG,1943-08-15,0.07
GCAG,1943-09-15,0.1
GISTEMP,1943-09-15,.05
GCAG,1943-10-15,0.26
GISTEMP,1943-10-15,.23
GCAG,1943-11-15,0.2
GISTEMP,1943-11-15,.20
GISTEMP,1943-12-15,.24
GCAG,1943-12-15,0.3
GISTEMP,1944-01-15,0.36
GCAG,1944-01-15,0.39
GCAG,1944-02-15,0.28
GISTEMP,1944-02-15,0.25
GCAG,1944-03-15,0.35
GISTEMP,1944-03-15,0.27
GCAG,1944-04-15,0.25
GISTEMP,1944-04-15,0.2
GCAG,1944-05-15,0.25
GISTEMP,1944-05-15,0.19
GISTEMP,1944-06-15,.16
GCAG,1944-06-15,0.3
GCAG,1944-07-15,0.31
GISTEMP,1944-07-15,.18
GCAG,1944-08-15,0.27
GISTEMP,1944-08-15,.18
GCAG,1944-09-15,0.37
GISTEMP,1944-09-15,.28
GCAG,1944-10-15,0.32
GISTEMP,1944-10-15,.26
GISTEMP,1944-11-15,.11
GCAG,1944-11-15,0.14
GISTEMP,1944-12-15,.04
GCAG,1944-12-15,0.12
GCAG,1945-01-15,0.17
GISTEMP,1945-01-15,0.1
GISTEMP,1945-02-15,0.01
GCAG,1945-02-15,0.06
GCAG,1945-03-15,0.1
GISTEMP,1945-03-15,0.06
GCAG,1945-04-15,0.29
GISTEMP,1945-04-15,0.2
GCAG,1945-05-15,0.18
GISTEMP,1945-05-15,0.06
GCAG,1945-06-15,0.14
GISTEMP,1945-06-15,.00
GISTEMP,1945-07-15,.04
GCAG,1945-07-15,0.14
GISTEMP,1945-08-15,.26
GCAG,1945-08-15,0.36
GISTEMP,1945-09-15,.20
GCAG,1945-09-15,0.26
GCAG,1945-10-15,0.28
GISTEMP,1945-10-15,.18
GCAG,1945-11-15,0.19
GISTEMP,1945-11-15,.07
GCAG,1945-12-15,-0.01
GISTEMP,1945-12-15,-.07
GCAG,1946-01-15,0.25
GISTEMP,1946-01-15,0.15
GISTEMP,1946-02-15,0.03
GCAG,1946-02-15,0.14
GCAG,1946-03-15,0.03
GISTEMP,1946-03-15,0.01
GISTEMP,1946-04-15,0.06
GCAG,1946-04-15,0.17
GCAG,1946-05-15,-0.02
GISTEMP,1946-05-15,-0.07
GCAG,1946-06-15,-0.14
GISTEMP,1946-06-15,-.21
GCAG,1946-07-15,-0.07
GISTEMP,1946-07-15,-.12
GCAG,1946-08-15,-0.11
GISTEMP,1946-08-15,-.20
GISTEMP,1946-09-15,-.08
GCAG,1946-09-15,-0.02
GISTEMP,1946-10-15,-.08
GCAG,1946-10-15,0.0
GISTEMP,1946-11-15,-.05
GCAG,1946-11-15,-0.03
GISTEMP,1946-12-15,-.31
GCAG,1946-12-15,-0.29
GISTEMP,1947-01-15,-0.06
GCAG,1947-01-15,-0.16
GISTEMP,1947-02-15,-0.08
GCAG,1947-02-15,-0.07
GISTEMP,1947-03-15,0.06
GCAG,1947-03-15,0.03
GISTEMP,1947-04-15,0.06
GCAG,1947-04-15,0.06
GISTEMP,1947-05-15,-0.02
GCAG,1947-05-15,-0.01
GISTEMP,1947-06-15,-.02
GCAG,1947-06-15,0.03
GCAG,1947-07-15,-0.03
GISTEMP,1947-07-15,-.04
GCAG,1947-08-15,-0.07
GISTEMP,1947-08-15,-.07
GCAG,1947-09-15,-0.11
GISTEMP,1947-09-15,-.13
GCAG,1947-10-15,0.05
GISTEMP,1947-10-15,.07
GISTEMP,1947-11-15,.03
GCAG,1947-11-15,0.0
GCAG,1947-12-15,-0.13
GISTEMP,1947-12-15,-.13
GISTEMP,1948-01-15,0.06
GCAG,1948-01-15,0.07
GISTEMP,1948-02-15,-0.15
GCAG,1948-02-15,-0.09
GISTEMP,1948-03-15,-0.24
GCAG,1948-03-15,-0.18
GCAG,1948-04-15,-0.04
GISTEMP,1948-04-15,-0.12
GISTEMP,1948-05-15,-0.01
GCAG,1948-05-15,0.07
GCAG,1948-06-15,0.0
GISTEMP,1948-06-15,-.05
GCAG,1948-07-15,-0.05
GISTEMP,1948-07-15,-.11
GISTEMP,1948-08-15,-.12
GCAG,1948-08-15,-0.04
GCAG,1948-09-15,-0.1
GISTEMP,1948-09-15,-.15
GISTEMP,1948-10-15,-.05
GCAG,1948-10-15,-0.06
GISTEMP,1948-11-15,-.13
GCAG,1948-11-15,-0.07
GISTEMP,1948-12-15,-.24
GCAG,1948-12-15,-0.11
GISTEMP,1949-01-15,0.06
GCAG,1949-01-15,0.12
GISTEMP,1949-02-15,-0.14
GCAG,1949-02-15,-0.14
GISTEMP,1949-03-15,-0.02
GCAG,1949-03-15,-0.05
GCAG,1949-04-15,-0.02
GISTEMP,1949-04-15,-0.11
GCAG,1949-05-15,-0.02
GISTEMP,1949-05-15,-0.1
GCAG,1949-06-15,-0.17
GISTEMP,1949-06-15,-.27
GCAG,1949-07-15,-0.09
GISTEMP,1949-07-15,-.13
GCAG,1949-08-15,-0.07
GISTEMP,1949-08-15,-.13
GCAG,1949-09-15,-0.11
GISTEMP,1949-09-15,-.15
GISTEMP,1949-10-15,-.06
GCAG,1949-10-15,-0.06
GISTEMP,1949-11-15,-.10
GCAG,1949-11-15,-0.08
GCAG,1949-12-15,-0.18
GISTEMP,1949-12-15,-.18
GCAG,1950-01-15,-0.29
GISTEMP,1950-01-15,-0.26
GCAG,1950-02-15,-0.23
GISTEMP,1950-02-15,-0.27
GISTEMP,1950-03-15,-0.08
GCAG,1950-03-15,-0.1
GISTEMP,1950-04-15,-0.21
GCAG,1950-04-15,-0.18
GISTEMP,1950-05-15,-0.11
GCAG,1950-05-15,-0.04
GISTEMP,1950-06-15,-.05
GCAG,1950-06-15,-0.04
GCAG,1950-07-15,-0.09
GISTEMP,1950-07-15,-.09
GISTEMP,1950-08-15,-.16
GCAG,1950-08-15,-0.13
GISTEMP,1950-09-15,-.11
GCAG,1950-09-15,-0.08
GISTEMP,1950-10-15,-.20
GCAG,1950-10-15,-0.16
GISTEMP,1950-11-15,-.34
GCAG,1950-11-15,-0.34
GISTEMP,1950-12-15,-.22
GCAG,1950-12-15,-0.16
GISTEMP,1951-01-15,-0.34
GCAG,1951-01-15,-0.28
GISTEMP,1951-02-15,-0.42
GCAG,1951-02-15,-0.39
GISTEMP,1951-03-15,-0.2
GCAG,1951-03-15,-0.15
GISTEMP,1951-04-15,-0.14
GCAG,1951-04-15,-0.08
GCAG,1951-05-15,0.07
GISTEMP,1951-05-15,0.0
GCAG,1951-06-15,0.05
GISTEMP,1951-06-15,-.07
GCAG,1951-07-15,0.11
GISTEMP,1951-07-15,-.01
GCAG,1951-08-15,0.12
GISTEMP,1951-08-15,.06
GCAG,1951-09-15,0.17
GISTEMP,1951-09-15,.05
GCAG,1951-10-15,0.13
GISTEMP,1951-10-15,.08
GISTEMP,1951-11-15,-.01
GCAG,1951-11-15,0.03
GISTEMP,1951-12-15,.16
GCAG,1951-12-15,0.22
GISTEMP,1952-01-15,0.11
GCAG,1952-01-15,0.13
GCAG,1952-02-15,0.11
GISTEMP,1952-02-15,0.11
GCAG,1952-03-15,-0.01
GISTEMP,1952-03-15,-0.08
GISTEMP,1952-04-15,0.03
GCAG,1952-04-15,0.09
GISTEMP,1952-05-15,-0.03
GCAG,1952-05-15,0.05
GISTEMP,1952-06-15,-.03
GCAG,1952-06-15,0.05
GCAG,1952-07-15,0.07
GISTEMP,1952-07-15,.04
GCAG,1952-08-15,0.07
GISTEMP,1952-08-15,.05
GCAG,1952-09-15,0.11
GISTEMP,1952-09-15,.07
GCAG,1952-10-15,0.01
GISTEMP,1952-10-15,.00
GCAG,1952-11-15,-0.14
GISTEMP,1952-11-15,-.13
GCAG,1952-12-15,0.02
GISTEMP,1952-12-15,-.02
GISTEMP,1953-01-15,0.07
GCAG,1953-01-15,0.09
GISTEMP,1953-02-15,0.15
GCAG,1953-02-15,0.18
GISTEMP,1953-03-15,0.11
GCAG,1953-03-15,0.2
GISTEMP,1953-04-15,0.19
GCAG,1953-04-15,0.24
GCAG,1953-05-15,0.18
GISTEMP,1953-05-15,0.11
GCAG,1953-06-15,0.18
GISTEMP,1953-06-15,.11
GCAG,1953-07-15,0.11
GISTEMP,1953-07-15,.01
GCAG,1953-08-15,0.11
GISTEMP,1953-08-15,.05
GISTEMP,1953-09-15,.04
GCAG,1953-09-15,0.1
GCAG,1953-10-15,0.12
GISTEMP,1953-10-15,.08
GCAG,1953-11-15,-0.02
GISTEMP,1953-11-15,-.03
GCAG,1953-12-15,0.09
GISTEMP,1953-12-15,.05
GISTEMP,1954-01-15,-0.24
GCAG,1954-01-15,-0.2
GCAG,1954-02-15,-0.06
GISTEMP,1954-02-15,-0.1
GCAG,1954-03-15,-0.09
GISTEMP,1954-03-15,-0.14
GCAG,1954-04-15,-0.12
GISTEMP,1954-04-15,-0.14
GCAG,1954-05-15,-0.17
GISTEMP,1954-05-15,-0.2
GCAG,1954-06-15,-0.1
GISTEMP,1954-06-15,-.19
GISTEMP,1954-07-15,-.19
GCAG,1954-07-15,-0.13
GCAG,1954-08-15,-0.09
GISTEMP,1954-08-15,-.17
GISTEMP,1954-09-15,-.10
GCAG,1954-09-15,-0.05
GISTEMP,1954-10-15,-.02
GCAG,1954-10-15,-0.05
GCAG,1954-11-15,0.05
GISTEMP,1954-11-15,.08
GISTEMP,1954-12-15,-.18
GCAG,1954-12-15,-0.18
GISTEMP,1955-01-15,0.13
GCAG,1955-01-15,0.15
GISTEMP,1955-02-15,-0.16
GCAG,1955-02-15,-0.1
GISTEMP,1955-03-15,-0.32
GCAG,1955-03-15,-0.3
GISTEMP,1955-04-15,-0.22
GCAG,1955-04-15,-0.23
GISTEMP,1955-05-15,-0.2
GCAG,1955-05-15,-0.14
GISTEMP,1955-06-15,-.14
GCAG,1955-06-15,-0.11
GISTEMP,1955-07-15,-.11
GCAG,1955-07-15,-0.11
GISTEMP,1955-08-15,.02
GCAG,1955-08-15,-0.02
GISTEMP,1955-09-15,-.11
GCAG,1955-09-15,-0.08
GISTEMP,1955-10-15,-.05
GCAG,1955-10-15,-0.12
GISTEMP,1955-11-15,-.25
GCAG,1955-11-15,-0.23
GISTEMP,1955-12-15,-.28
GCAG,1955-12-15,-0.26
GISTEMP,1956-01-15,-0.13
GCAG,1956-01-15,-0.14
GCAG,1956-02-15,-0.24
GISTEMP,1956-02-15,-0.24
GISTEMP,1956-03-15,-0.21
GCAG,1956-03-15,-0.18
GCAG,1956-04-15,-0.27
GISTEMP,1956-04-15,-0.28
GISTEMP,1956-05-15,-0.29
GCAG,1956-05-15,-0.24
GCAG,1956-06-15,-0.14
GISTEMP,1956-06-15,-.16
GCAG,1956-07-15,-0.12
GISTEMP,1956-07-15,-.09
GCAG,1956-08-15,-0.17
GISTEMP,1956-08-15,-.26
GISTEMP,1956-09-15,-.19
GCAG,1956-09-15,-0.21
GCAG,1956-10-15,-0.19
GISTEMP,1956-10-15,-.23
GCAG,1956-11-15,-0.16
GISTEMP,1956-11-15,-.15
GCAG,1956-12-15,-0.12
GISTEMP,1956-12-15,-.06
GISTEMP,1957-01-15,-0.09
GCAG,1957-01-15,-0.09
GCAG,1957-02-15,-0.07
GISTEMP,1957-02-15,-0.03
GCAG,1957-03-15,-0.05
GISTEMP,1957-03-15,-0.05
GCAG,1957-04-15,0.02
GISTEMP,1957-04-15,0.0
GISTEMP,1957-05-15,0.09
GCAG,1957-05-15,0.13
GCAG,1957-06-15,0.17
GISTEMP,1957-06-15,.16
GISTEMP,1957-07-15,.02
GCAG,1957-07-15,0.1
GCAG,1957-08-15,0.16
GISTEMP,1957-08-15,.15
GISTEMP,1957-09-15,.09
GCAG,1957-09-15,0.13
GCAG,1957-10-15,0.03
GISTEMP,1957-10-15,.01
GISTEMP,1957-11-15,.08
GCAG,1957-11-15,0.11
GCAG,1957-12-15,0.21
GISTEMP,1957-12-15,.15
GISTEMP,1958-01-15,0.39
GCAG,1958-01-15,0.32
GCAG,1958-02-15,0.22
GISTEMP,1958-02-15,0.22
GCAG,1958-03-15,0.15
GISTEMP,1958-03-15,0.08
GCAG,1958-04-15,0.11
GISTEMP,1958-04-15,0.01
GISTEMP,1958-05-15,0.06
GCAG,1958-05-15,0.09
GISTEMP,1958-06-15,-.09
GCAG,1958-06-15,0.08
GISTEMP,1958-07-15,.05
GCAG,1958-07-15,0.09
GCAG,1958-08-15,0.09
GISTEMP,1958-08-15,-.05
GCAG,1958-09-15,0.05
GISTEMP,1958-09-15,-.02
GCAG,1958-10-15,0.07
GISTEMP,1958-10-15,.04
GCAG,1958-11-15,0.07
GISTEMP,1958-11-15,.02
GCAG,1958-12-15,0.15
GISTEMP,1958-12-15,.01
GCAG,1959-01-15,0.15
GISTEMP,1959-01-15,0.08
GCAG,1959-02-15,0.08
GISTEMP,1959-02-15,0.07
GCAG,1959-03-15,0.21
GISTEMP,1959-03-15,0.18
GCAG,1959-04-15,0.12
GISTEMP,1959-04-15,0.16
GCAG,1959-05-15,0.06
GISTEMP,1959-05-15,0.04
GISTEMP,1959-06-15,.03
GCAG,1959-06-15,0.11
GISTEMP,1959-07-15,.03
GCAG,1959-07-15,0.08
GISTEMP,1959-08-15,-.01
GCAG,1959-08-15,0.07
GISTEMP,1959-09-15,-.06
GCAG,1959-09-15,0.11
GISTEMP,1959-10-15,-.07
GCAG,1959-10-15,0.0
GCAG,1959-11-15,-0.06
GISTEMP,1959-11-15,-.08
GCAG,1959-12-15,0.01
GISTEMP,1959-12-15,.00
GCAG,1960-01-15,0.04
GISTEMP,1960-01-15,0.0
GCAG,1960-02-15,0.21
GISTEMP,1960-02-15,0.13
GCAG,1960-03-15,-0.18
GISTEMP,1960-03-15,-0.35
GCAG,1960-04-15,-0.06
GISTEMP,1960-04-15,-0.15
GCAG,1960-05-15,-0.05
GISTEMP,1960-05-15,-0.08
GCAG,1960-06-15,0.09
GISTEMP,1960-06-15,-.04
GCAG,1960-07-15,0.06
GISTEMP,1960-07-15,-.04
GCAG,1960-08-15,0.09
GISTEMP,1960-08-15,.02
GCAG,1960-09-15,0.11
GISTEMP,1960-09-15,.07
GCAG,1960-10-15,0.06
GISTEMP,1960-10-15,.06
GCAG,1960-11-15,-0.04
GISTEMP,1960-11-15,-.11
GCAG,1960-12-15,0.27
GISTEMP,1960-12-15,.19
GCAG,1961-01-15,0.13
GISTEMP,1961-01-15,0.07
GCAG,1961-02-15,0.2
GISTEMP,1961-02-15,0.19
GCAG,1961-03-15,0.17
GISTEMP,1961-03-15,0.09
GISTEMP,1961-04-15,0.13
GCAG,1961-04-15,0.15
GISTEMP,1961-05-15,0.12
GCAG,1961-05-15,0.17
GISTEMP,1961-06-15,.11
GCAG,1961-06-15,0.15
GISTEMP,1961-07-15,.01
GCAG,1961-07-15,0.07
GISTEMP,1961-08-15,.01
GCAG,1961-08-15,0.05
GISTEMP,1961-09-15,.09
GCAG,1961-09-15,0.04
GISTEMP,1961-10-15,.00
GCAG,1961-10-15,-0.02
GISTEMP,1961-11-15,.03
GCAG,1961-11-15,0.04
GISTEMP,1961-12-15,-.16
GCAG,1961-12-15,-0.01
GISTEMP,1962-01-15,0.05
GCAG,1962-01-15,0.12
GISTEMP,1962-02-15,0.15
GCAG,1962-02-15,0.17
GISTEMP,1962-03-15,0.1
GCAG,1962-03-15,0.16
GISTEMP,1962-04-15,0.05
GCAG,1962-04-15,0.1
GISTEMP,1962-05-15,-0.06
GCAG,1962-05-15,0.07
GISTEMP,1962-06-15,.03
GCAG,1962-06-15,0.04
GCAG,1962-07-15,0.12
GISTEMP,1962-07-15,.02
GCAG,1962-08-15,0.08
GISTEMP,1962-08-15,-.01
GCAG,1962-09-15,0.1
GISTEMP,1962-09-15,.00
GCAG,1962-10-15,0.12
GISTEMP,1962-10-15,.01
GCAG,1962-11-15,0.09
GISTEMP,1962-11-15,.06
GCAG,1962-12-15,0.11
GISTEMP,1962-12-15,-.03
GCAG,1963-01-15,0.06
GISTEMP,1963-01-15,-0.03
GCAG,1963-02-15,0.27
GISTEMP,1963-02-15,0.18
GCAG,1963-03-15,-0.02
GISTEMP,1963-03-15,-0.14
GCAG,1963-04-15,0.02
GISTEMP,1963-04-15,-0.07
GCAG,1963-05-15,0.04
GISTEMP,1963-05-15,-0.06
GCAG,1963-06-15,0.05
GISTEMP,1963-06-15,.05
GCAG,1963-07-15,0.13
GISTEMP,1963-07-15,.06
GCAG,1963-08-15,0.18
GISTEMP,1963-08-15,.22
GCAG,1963-09-15,0.18
GISTEMP,1963-09-15,.18
GCAG,1963-10-15,0.23
GISTEMP,1963-10-15,.15
GCAG,1963-11-15,0.21
GISTEMP,1963-11-15,.15
GCAG,1963-12-15,0.09
GISTEMP,1963-12-15,-.03
GCAG,1964-01-15,0.02
GISTEMP,1964-01-15,-0.09
GISTEMP,1964-02-15,-0.1
GCAG,1964-02-15,-0.06
GCAG,1964-03-15,-0.15
GISTEMP,1964-03-15,-0.21
GCAG,1964-04-15,-0.2
GISTEMP,1964-04-15,-0.32
GISTEMP,1964-05-15,-0.25
GCAG,1964-05-15,-0.09
GISTEMP,1964-06-15,-.04
GCAG,1964-06-15,-0.07
GCAG,1964-07-15,-0.08
GISTEMP,1964-07-15,-.04
GCAG,1964-08-15,-0.16
GISTEMP,1964-08-15,-.22
GISTEMP,1964-09-15,-.29
GCAG,1964-09-15,-0.19
GISTEMP,1964-10-15,-.32
GCAG,1964-10-15,-0.25
GISTEMP,1964-11-15,-.21
GCAG,1964-11-15,-0.21
GCAG,1964-12-15,-0.25
GISTEMP,1964-12-15,-.30
GCAG,1965-01-15,-0.07
GISTEMP,1965-01-15,-0.08
GCAG,1965-02-15,-0.19
GISTEMP,1965-02-15,-0.17
GCAG,1965-03-15,-0.09
GISTEMP,1965-03-15,-0.13
GCAG,1965-04-15,-0.18
GISTEMP,1965-04-15,-0.19
GISTEMP,1965-05-15,-0.12
GCAG,1965-05-15,-0.08
GISTEMP,1965-06-15,-.08
GCAG,1965-06-15,-0.04
GISTEMP,1965-07-15,-.13
GCAG,1965-07-15,-0.07
GCAG,1965-08-15,-0.05
GISTEMP,1965-08-15,-.04
GCAG,1965-09-15,-0.03
GISTEMP,1965-09-15,-.15
GCAG,1965-10-15,0.02
GISTEMP,1965-10-15,-.05
GCAG,1965-11-15,-0.07
GISTEMP,1965-11-15,-.06
GISTEMP,1965-12-15,-.08
GCAG,1965-12-15,-0.01
GISTEMP,1966-01-15,-0.19
GCAG,1966-01-15,-0.05
GISTEMP,1966-02-15,-0.04
GCAG,1966-02-15,-0.03
GCAG,1966-03-15,0.02
GISTEMP,1966-03-15,0.03
GISTEMP,1966-04-15,-0.13
GCAG,1966-04-15,-0.07
GCAG,1966-05-15,-0.04
GISTEMP,1966-05-15,-0.12
GISTEMP,1966-06-15,.01
GCAG,1966-06-15,0.07
GCAG,1966-07-15,0.1
GISTEMP,1966-07-15,.08
GCAG,1966-08-15,0.05
GISTEMP,1966-08-15,-.09
GCAG,1966-09-15,0.02
GISTEMP,1966-09-15,-.03
GISTEMP,1966-10-15,-.17
GCAG,1966-10-15,-0.07
GCAG,1966-11-15,-0.03
GISTEMP,1966-11-15,-.01
GCAG,1966-12-15,-0.08
GISTEMP,1966-12-15,-.03
GISTEMP,1967-01-15,-0.07
GCAG,1967-01-15,-0.09
GISTEMP,1967-02-15,-0.21
GCAG,1967-02-15,-0.17
GCAG,1967-03-15,0.02
GISTEMP,1967-03-15,0.05
GCAG,1967-04-15,0.01
GISTEMP,1967-04-15,-0.05
GISTEMP,1967-05-15,0.12
GCAG,1967-05-15,0.15
GISTEMP,1967-06-15,-.08
GCAG,1967-06-15,-0.03
GCAG,1967-07-15,0.0
GISTEMP,1967-07-15,.02
GCAG,1967-08-15,0.01
GISTEMP,1967-08-15,.01
GISTEMP,1967-09-15,-.06
GCAG,1967-09-15,-0.03
GCAG,1967-10-15,0.15
GISTEMP,1967-10-15,.09
GCAG,1967-11-15,-0.01
GISTEMP,1967-11-15,-.05
GISTEMP,1967-12-15,-.05
GCAG,1967-12-15,-0.03
GISTEMP,1968-01-15,-0.25
GCAG,1968-01-15,-0.2
GISTEMP,1968-02-15,-0.14
GCAG,1968-02-15,-0.12
GISTEMP,1968-03-15,0.2
GCAG,1968-03-15,0.15
GISTEMP,1968-04-15,-0.06
GCAG,1968-04-15,-0.07
GISTEMP,1968-05-15,-0.14
GCAG,1968-05-15,-0.09
GISTEMP,1968-06-15,-.09
GCAG,1968-06-15,-0.03
GISTEMP,1968-07-15,-.13
GCAG,1968-07-15,-0.02
GISTEMP,1968-08-15,-.09
GCAG,1968-08-15,0.01
GCAG,1968-09-15,0.0
GISTEMP,1968-09-15,-.19
GCAG,1968-10-15,0.05
GISTEMP,1968-10-15,.09
GISTEMP,1968-11-15,-.05
GCAG,1968-11-15,0.01
GISTEMP,1968-12-15,-.15
GCAG,1968-12-15,-0.03
GISTEMP,1969-01-15,-0.11
GCAG,1969-01-15,-0.09
GCAG,1969-02-15,-0.08
GISTEMP,1969-02-15,-0.18
GCAG,1969-03-15,0.12
GISTEMP,1969-03-15,0.01
GCAG,1969-04-15,0.18
GISTEMP,1969-04-15,0.17
GCAG,1969-05-15,0.19
GISTEMP,1969-05-15,0.18
GCAG,1969-06-15,0.08
GISTEMP,1969-06-15,.03
GISTEMP,1969-07-15,-.04
GCAG,1969-07-15,0.1
GISTEMP,1969-08-15,.03
GCAG,1969-08-15,0.11
GCAG,1969-09-15,0.09
GISTEMP,1969-09-15,.08
GISTEMP,1969-10-15,.09
GCAG,1969-10-15,0.09
GISTEMP,1969-11-15,.12
GCAG,1969-11-15,0.2
GCAG,1969-12-15,0.28
GISTEMP,1969-12-15,.24
GCAG,1970-01-15,0.14
GISTEMP,1970-01-15,0.08
GCAG,1970-02-15,0.24
GISTEMP,1970-02-15,0.22
GCAG,1970-03-15,0.06
GISTEMP,1970-03-15,0.06
GISTEMP,1970-04-15,0.05
GCAG,1970-04-15,0.13
GISTEMP,1970-05-15,-0.04
GCAG,1970-05-15,0.05
GISTEMP,1970-06-15,-.03
GCAG,1970-06-15,0.04
GCAG,1970-07-15,0.02
GISTEMP,1970-07-15,.01
GISTEMP,1970-08-15,-.10
GCAG,1970-08-15,0.02
GCAG,1970-09-15,0.04
GISTEMP,1970-09-15,.12
GCAG,1970-10-15,-0.02
GISTEMP,1970-10-15,.03
GCAG,1970-11-15,0.04
GISTEMP,1970-11-15,.02
GISTEMP,1970-12-15,-.12
GCAG,1970-12-15,-0.08
GISTEMP,1971-01-15,-0.03
GCAG,1971-01-15,0.01
GCAG,1971-02-15,-0.19
GISTEMP,1971-02-15,-0.16
GCAG,1971-03-15,-0.1
GISTEMP,1971-03-15,-0.18
GISTEMP,1971-04-15,-0.07
GCAG,1971-04-15,-0.1
GCAG,1971-05-15,-0.07
GISTEMP,1971-05-15,-0.05
GCAG,1971-06-15,-0.12
GISTEMP,1971-06-15,-.17
GISTEMP,1971-07-15,-.08
GCAG,1971-07-15,-0.04
GCAG,1971-08-15,-0.04
GISTEMP,1971-08-15,-.01
GISTEMP,1971-09-15,-.06
GCAG,1971-09-15,-0.03
GCAG,1971-10-15,-0.08
GISTEMP,1971-10-15,-.04
GISTEMP,1971-11-15,-.07
GCAG,1971-11-15,0.02
GISTEMP,1971-12-15,-.08
GCAG,1971-12-15,-0.05
GCAG,1972-01-15,-0.25
GISTEMP,1972-01-15,-0.22
GCAG,1972-02-15,-0.15
GISTEMP,1972-02-15,-0.18
GCAG,1972-03-15,0.03
GISTEMP,1972-03-15,0.02
GCAG,1972-04-15,0.07
GISTEMP,1972-04-15,0.0
GISTEMP,1972-05-15,-0.03
GCAG,1972-05-15,0.02
GCAG,1972-06-15,0.07
GISTEMP,1972-06-15,.04
GISTEMP,1972-07-15,.01
GCAG,1972-07-15,0.08
GISTEMP,1972-08-15,.16
GCAG,1972-08-15,0.1
GISTEMP,1972-09-15,.02
GCAG,1972-09-15,0.03
GCAG,1972-10-15,0.1
GISTEMP,1972-10-15,.08
GISTEMP,1972-11-15,.02
GCAG,1972-11-15,0.08
GCAG,1972-12-15,0.26
GISTEMP,1972-12-15,.18
GISTEMP,1973-01-15,0.29
GCAG,1973-01-15,0.28
GISTEMP,1973-02-15,0.32
GCAG,1973-02-15,0.41
GCAG,1973-03-15,0.37
GISTEMP,1973-03-15,0.29
GCAG,1973-04-15,0.29
GISTEMP,1973-04-15,0.27
GISTEMP,1973-05-15,0.23
GCAG,1973-05-15,0.23
GISTEMP,1973-06-15,.19
GCAG,1973-06-15,0.23
GCAG,1973-07-15,0.16
GISTEMP,1973-07-15,.12
GCAG,1973-08-15,0.12
GISTEMP,1973-08-15,.05
GISTEMP,1973-09-15,.09
GCAG,1973-09-15,0.1
GISTEMP,1973-10-15,.10
GCAG,1973-10-15,0.07
GISTEMP,1973-11-15,.05
GCAG,1973-11-15,0.03
GISTEMP,1973-12-15,-.07
GCAG,1973-12-15,0.03
GCAG,1974-01-15,-0.19
GISTEMP,1974-01-15,-0.1
GISTEMP,1974-02-15,-0.27
GCAG,1974-02-15,-0.24
GISTEMP,1974-03-15,-0.05
GCAG,1974-03-15,-0.03
GISTEMP,1974-04-15,-0.12
GCAG,1974-04-15,-0.05
GISTEMP,1974-05-15,-0.04
GCAG,1974-05-15,-0.02
GCAG,1974-06-15,-0.03
GISTEMP,1974-06-15,-.05
GCAG,1974-07-15,0.02
GISTEMP,1974-07-15,-.03
GCAG,1974-08-15,0.04
GISTEMP,1974-08-15,.11
GCAG,1974-09-15,-0.01
GISTEMP,1974-09-15,-.08
GCAG,1974-10-15,-0.07
GISTEMP,1974-10-15,-.06
GISTEMP,1974-11-15,-.08
GCAG,1974-11-15,-0.06
GISTEMP,1974-12-15,-.08
GCAG,1974-12-15,-0.1
GCAG,1975-01-15,0.11
GISTEMP,1975-01-15,0.1
GCAG,1975-02-15,0.06
GISTEMP,1975-02-15,0.08
GISTEMP,1975-03-15,0.13
GCAG,1975-03-15,0.12
GCAG,1975-04-15,0.08
GISTEMP,1975-04-15,0.04
GISTEMP,1975-05-15,0.16
GCAG,1975-05-15,0.08
GISTEMP,1975-06-15,-.01
GCAG,1975-06-15,0.06
GCAG,1975-07-15,0.03
GISTEMP,1975-07-15,.00
GCAG,1975-08-15,-0.04
GISTEMP,1975-08-15,-.17
GCAG,1975-09-15,0.04
GISTEMP,1975-09-15,-.02
GISTEMP,1975-10-15,-.11
GCAG,1975-10-15,-0.12
GISTEMP,1975-11-15,-.17
GCAG,1975-11-15,-0.16
GCAG,1975-12-15,-0.1
GISTEMP,1975-12-15,-.17
GISTEMP,1976-01-15,-0.03
GCAG,1976-01-15,-0.02
GISTEMP,1976-02-15,-0.06
GCAG,1976-02-15,-0.12
GCAG,1976-03-15,-0.22
GISTEMP,1976-03-15,-0.21
GCAG,1976-04-15,0.0
GISTEMP,1976-04-15,-0.07
GCAG,1976-05-15,-0.12
GISTEMP,1976-05-15,-0.2
GISTEMP,1976-06-15,-.12
GCAG,1976-06-15,-0.08
GISTEMP,1976-07-15,-.10
GCAG,1976-07-15,-0.07
GISTEMP,1976-08-15,-.12
GCAG,1976-08-15,-0.05
GISTEMP,1976-09-15,-.06
GCAG,1976-09-15,-0.02
GISTEMP,1976-10-15,-.24
GCAG,1976-10-15,-0.19
GISTEMP,1976-11-15,-.06
GCAG,1976-11-15,-0.03
GISTEMP,1976-12-15,.11
GCAG,1976-12-15,0.11
GCAG,1977-01-15,0.13
GISTEMP,1977-01-15,0.18
GCAG,1977-02-15,0.26
GISTEMP,1977-02-15,0.23
GISTEMP,1977-03-15,0.25
GCAG,1977-03-15,0.31
GCAG,1977-04-15,0.29
GISTEMP,1977-04-15,0.26
GCAG,1977-05-15,0.26
GISTEMP,1977-05-15,0.33
GISTEMP,1977-06-15,.27
GCAG,1977-06-15,0.27
GISTEMP,1977-07-15,.20
GCAG,1977-07-15,0.19
GCAG,1977-08-15,0.16
GISTEMP,1977-08-15,.18
GCAG,1977-09-15,0.19
GISTEMP,1977-09-15,.02
GISTEMP,1977-10-15,.04
GCAG,1977-10-15,0.12
GISTEMP,1977-11-15,.16
GCAG,1977-11-15,0.25
GISTEMP,1977-12-15,.03
GCAG,1977-12-15,0.11
GISTEMP,1978-01-15,0.06
GCAG,1978-01-15,0.16
GCAG,1978-02-15,0.15
GISTEMP,1978-02-15,0.1
GCAG,1978-03-15,0.23
GISTEMP,1978-03-15,0.19
GCAG,1978-04-15,0.13
GISTEMP,1978-04-15,0.17
GCAG,1978-05-15,0.08
GISTEMP,1978-05-15,0.09
GCAG,1978-06-15,0.06
GISTEMP,1978-06-15,-.01
GISTEMP,1978-07-15,.04
GCAG,1978-07-15,0.07
GCAG,1978-08-15,0.01
GISTEMP,1978-08-15,-.13
GCAG,1978-09-15,0.09
GISTEMP,1978-09-15,.06
GISTEMP,1978-10-15,.03
GCAG,1978-10-15,0.07
GISTEMP,1978-11-15,.14
GCAG,1978-11-15,0.2
GISTEMP,1978-12-15,.08
GCAG,1978-12-15,0.14
GISTEMP,1979-01-15,0.08
GCAG,1979-01-15,0.15
GISTEMP,1979-02-15,-0.1
GCAG,1979-02-15,0.05
GISTEMP,1979-03-15,0.19
GCAG,1979-03-15,0.23
GCAG,1979-04-15,0.11
GISTEMP,1979-04-15,0.15
GISTEMP,1979-05-15,0.04
GCAG,1979-05-15,0.17
GCAG,1979-06-15,0.21
GISTEMP,1979-06-15,.14
GCAG,1979-07-15,0.2
GISTEMP,1979-07-15,.04
GISTEMP,1979-08-15,.17
GCAG,1979-08-15,0.24
GCAG,1979-09-15,0.25
GISTEMP,1979-09-15,.25
GCAG,1979-10-15,0.29
GISTEMP,1979-10-15,.26
GISTEMP,1979-11-15,.28
GCAG,1979-11-15,0.29
GISTEMP,1979-12-15,.48
GCAG,1979-12-15,0.52
GISTEMP,1980-01-15,0.29
GCAG,1980-01-15,0.33
GCAG,1980-02-15,0.39
GISTEMP,1980-02-15,0.4
GISTEMP,1980-03-15,0.3
GCAG,1980-03-15,0.28
GCAG,1980-04-15,0.33
GISTEMP,1980-04-15,0.3
GISTEMP,1980-05-15,0.35
GCAG,1980-05-15,0.37
GCAG,1980-06-15,0.26
GISTEMP,1980-06-15,.20
GCAG,1980-07-15,0.23
GISTEMP,1980-07-15,.22
GCAG,1980-08-15,0.21
GISTEMP,1980-08-15,.18
GISTEMP,1980-09-15,.20
GCAG,1980-09-15,0.2
GISTEMP,1980-10-15,.13
GCAG,1980-10-15,0.18
GCAG,1980-11-15,0.31
GISTEMP,1980-11-15,.29
GISTEMP,1980-12-15,.21
GCAG,1980-12-15,0.27
GISTEMP,1981-01-15,0.53
GCAG,1981-01-15,0.51
GCAG,1981-02-15,0.4
GISTEMP,1981-02-15,0.42
GCAG,1981-03-15,0.44
GISTEMP,1981-03-15,0.48
GISTEMP,1981-04-15,0.32
GCAG,1981-04-15,0.35
GCAG,1981-05-15,0.27
GISTEMP,1981-05-15,0.25
GCAG,1981-06-15,0.31
GISTEMP,1981-06-15,.29
GCAG,1981-07-15,0.24
GISTEMP,1981-07-15,.32
GCAG,1981-08-15,0.24
GISTEMP,1981-08-15,.35
GISTEMP,1981-09-15,.15
GCAG,1981-09-15,0.18
GCAG,1981-10-15,0.18
GISTEMP,1981-10-15,.12
GCAG,1981-11-15,0.27
GISTEMP,1981-11-15,.23
GISTEMP,1981-12-15,.41
GCAG,1981-12-15,0.48
GCAG,1982-01-15,0.14
GISTEMP,1982-01-15,0.05
GISTEMP,1982-02-15,0.15
GCAG,1982-02-15,0.19
GCAG,1982-03-15,0.1
GISTEMP,1982-03-15,0.03
GISTEMP,1982-04-15,0.15
GCAG,1982-04-15,0.22
GCAG,1982-05-15,0.21
GISTEMP,1982-05-15,0.18
GCAG,1982-06-15,0.14
GISTEMP,1982-06-15,.06
GCAG,1982-07-15,0.16
GISTEMP,1982-07-15,.14
GCAG,1982-08-15,0.14
GISTEMP,1982-08-15,.04
GISTEMP,1982-09-15,.14
GCAG,1982-09-15,0.24
GCAG,1982-10-15,0.18
GISTEMP,1982-10-15,.13
GISTEMP,1982-11-15,.17
GCAG,1982-11-15,0.15
GCAG,1982-12-15,0.43
GISTEMP,1982-12-15,.42
GISTEMP,1983-01-15,0.53
GCAG,1983-01-15,0.53
GCAG,1983-02-15,0.49
GISTEMP,1983-02-15,0.43
GISTEMP,1983-03-15,0.41
GCAG,1983-03-15,0.42
GCAG,1983-04-15,0.29
GISTEMP,1983-04-15,0.27
GISTEMP,1983-05-15,0.34
GCAG,1983-05-15,0.31
GCAG,1983-06-15,0.3
GISTEMP,1983-06-15,.22
GISTEMP,1983-07-15,.18
GCAG,1983-07-15,0.3
GCAG,1983-08-15,0.36
GISTEMP,1983-08-15,.35
GISTEMP,1983-09-15,.37
GCAG,1983-09-15,0.34
GCAG,1983-10-15,0.24
GISTEMP,1983-10-15,.17
GCAG,1983-11-15,0.45
GISTEMP,1983-11-15,.30
GCAG,1983-12-15,0.28
GISTEMP,1983-12-15,.16
GISTEMP,1984-01-15,0.31
GCAG,1984-01-15,0.29
GCAG,1984-02-15,0.18
GISTEMP,1984-02-15,0.14
GISTEMP,1984-03-15,0.26
GCAG,1984-03-15,0.3
GCAG,1984-04-15,0.14
GISTEMP,1984-04-15,0.06
GISTEMP,1984-05-15,0.33
GCAG,1984-05-15,0.31
GISTEMP,1984-06-15,.02
GCAG,1984-06-15,0.14
GISTEMP,1984-07-15,.19
GCAG,1984-07-15,0.15
GISTEMP,1984-08-15,.19
GCAG,1984-08-15,0.19
GISTEMP,1984-09-15,.21
GCAG,1984-09-15,0.18
GISTEMP,1984-10-15,.13
GCAG,1984-10-15,0.14
GISTEMP,1984-11-15,.07
GCAG,1984-11-15,0.06
GISTEMP,1984-12-15,-.04
GCAG,1984-12-15,-0.08
GISTEMP,1985-01-15,0.22
GCAG,1985-01-15,0.22
GISTEMP,1985-02-15,-0.04
GCAG,1985-02-15,0.06
GISTEMP,1985-03-15,0.17
GCAG,1985-03-15,0.2
GISTEMP,1985-04-15,0.12
GCAG,1985-04-15,0.15
GISTEMP,1985-05-15,0.14
GCAG,1985-05-15,0.21
GISTEMP,1985-06-15,.15
GCAG,1985-06-15,0.15
GCAG,1985-07-15,0.1
GISTEMP,1985-07-15,.04
GISTEMP,1985-08-15,.16
GCAG,1985-08-15,0.16
GISTEMP,1985-09-15,.13
GCAG,1985-09-15,0.14
GISTEMP,1985-10-15,.11
GCAG,1985-10-15,0.14
GISTEMP,1985-11-15,.05
GCAG,1985-11-15,0.13
GISTEMP,1985-12-15,.14
GCAG,1985-12-15,0.22
GISTEMP,1986-01-15,0.26
GCAG,1986-01-15,0.31
GISTEMP,1986-02-15,0.37
GCAG,1986-02-15,0.3
GCAG,1986-03-15,0.3
GISTEMP,1986-03-15,0.3
GISTEMP,1986-04-15,0.22
GCAG,1986-04-15,0.26
GISTEMP,1986-05-15,0.21
GCAG,1986-05-15,0.26
GISTEMP,1986-06-15,.12
GCAG,1986-06-15,0.24
GISTEMP,1986-07-15,.11
GCAG,1986-07-15,0.17
GISTEMP,1986-08-15,.16
GCAG,1986-08-15,0.2
GISTEMP,1986-09-15,.03
GCAG,1986-09-15,0.17
GISTEMP,1986-10-15,.15
GCAG,1986-10-15,0.22
GISTEMP,1986-11-15,.10
GCAG,1986-11-15,0.16
GCAG,1986-12-15,0.22
GISTEMP,1986-12-15,.13
GCAG,1987-01-15,0.32
GISTEMP,1987-01-15,0.32
GISTEMP,1987-02-15,0.43
GCAG,1987-02-15,0.5
GCAG,1987-03-15,0.27
GISTEMP,1987-03-15,0.18
GISTEMP,1987-04-15,0.24
GCAG,1987-04-15,0.3
GCAG,1987-05-15,0.36
GISTEMP,1987-05-15,0.25
GISTEMP,1987-06-15,.34
GCAG,1987-06-15,0.33
GCAG,1987-07-15,0.43
GISTEMP,1987-07-15,.40
GISTEMP,1987-08-15,.25
GCAG,1987-08-15,0.4
GCAG,1987-09-15,0.45
GISTEMP,1987-09-15,.35
GCAG,1987-10-15,0.35
GISTEMP,1987-10-15,.32
GCAG,1987-11-15,0.35
GISTEMP,1987-11-15,.29
GISTEMP,1987-12-15,.46
GCAG,1987-12-15,0.53
GCAG,1988-01-15,0.56
GISTEMP,1988-01-15,0.56
GISTEMP,1988-02-15,0.44
GCAG,1988-02-15,0.44
GCAG,1988-03-15,0.53
GISTEMP,1988-03-15,0.51
GISTEMP,1988-04-15,0.42
GCAG,1988-04-15,0.46
GCAG,1988-05-15,0.41
GISTEMP,1988-05-15,0.44
GCAG,1988-06-15,0.4
GISTEMP,1988-06-15,.40
GCAG,1988-07-15,0.37
GISTEMP,1988-07-15,.33
GCAG,1988-08-15,0.34
GISTEMP,1988-08-15,.39
GISTEMP,1988-09-15,.36
GCAG,1988-09-15,0.34
GISTEMP,1988-10-15,.38
GCAG,1988-10-15,0.31
GISTEMP,1988-11-15,.12
GCAG,1988-11-15,0.2
GISTEMP,1988-12-15,.28
GCAG,1988-12-15,0.34
GISTEMP,1989-01-15,0.12
GCAG,1989-01-15,0.17
GISTEMP,1989-02-15,0.3
GCAG,1989-02-15,0.3
GISTEMP,1989-03-15,0.36
GCAG,1989-03-15,0.35
GISTEMP,1989-04-15,0.29
GCAG,1989-04-15,0.29
GISTEMP,1989-05-15,0.17
GCAG,1989-05-15,0.28
GISTEMP,1989-06-15,.17
GCAG,1989-06-15,0.26
GISTEMP,1989-07-15,.34
GCAG,1989-07-15,0.32
GISTEMP,1989-08-15,.33
GCAG,1989-08-15,0.32
GISTEMP,1989-09-15,.34
GCAG,1989-09-15,0.31
GCAG,1989-10-15,0.29
GISTEMP,1989-10-15,.29
GCAG,1989-11-15,0.23
GISTEMP,1989-11-15,.20
GCAG,1989-12-15,0.4
GISTEMP,1989-12-15,.37
GCAG,1990-01-15,0.36
GISTEMP,1990-01-15,0.41
GCAG,1990-02-15,0.41
GISTEMP,1990-02-15,0.44
GCAG,1990-03-15,0.76
GISTEMP,1990-03-15,0.8
GCAG,1990-04-15,0.53
GISTEMP,1990-04-15,0.56
GCAG,1990-05-15,0.47
GISTEMP,1990-05-15,0.45
GCAG,1990-06-15,0.42
GISTEMP,1990-06-15,.37
GCAG,1990-07-15,0.39
GISTEMP,1990-07-15,.46
GCAG,1990-08-15,0.39
GISTEMP,1990-08-15,.34
GCAG,1990-09-15,0.33
GISTEMP,1990-09-15,.23
GISTEMP,1990-10-15,.44
GCAG,1990-10-15,0.43
GCAG,1990-11-15,0.47
GISTEMP,1990-11-15,.46
GCAG,1990-12-15,0.42
GISTEMP,1990-12-15,.41
GISTEMP,1991-01-15,0.43
GCAG,1991-01-15,0.43
GCAG,1991-02-15,0.46
GISTEMP,1991-02-15,0.5
GCAG,1991-03-15,0.36
GISTEMP,1991-03-15,0.35
GCAG,1991-04-15,0.52
GISTEMP,1991-04-15,0.51
GCAG,1991-05-15,0.4
GISTEMP,1991-05-15,0.34
GCAG,1991-06-15,0.49
GISTEMP,1991-06-15,.53
GISTEMP,1991-07-15,.47
GCAG,1991-07-15,0.42
GISTEMP,1991-08-15,.39
GCAG,1991-08-15,0.37
GCAG,1991-09-15,0.35
GISTEMP,1991-09-15,.44
GCAG,1991-10-15,0.29
GISTEMP,1991-10-15,.29
GCAG,1991-11-15,0.3
GISTEMP,1991-11-15,.30
GCAG,1991-12-15,0.28
GISTEMP,1991-12-15,.32
GCAG,1992-01-15,0.46
GISTEMP,1992-01-15,0.47
GCAG,1992-02-15,0.43
GISTEMP,1992-02-15,0.4
GCAG,1992-03-15,0.44
GISTEMP,1992-03-15,0.48
GCAG,1992-04-15,0.3
GISTEMP,1992-04-15,0.27
GISTEMP,1992-05-15,0.31
GCAG,1992-05-15,0.32
GISTEMP,1992-06-15,.25
GCAG,1992-06-15,0.27
GISTEMP,1992-07-15,.08
GCAG,1992-07-15,0.11
GISTEMP,1992-08-15,.08
GCAG,1992-08-15,0.11
GCAG,1992-09-15,0.05
GISTEMP,1992-09-15,-.01
GISTEMP,1992-10-15,.06
GCAG,1992-10-15,0.05
GCAG,1992-11-15,0.04
GISTEMP,1992-11-15,.03
GCAG,1992-12-15,0.25
GISTEMP,1992-12-15,.21
GCAG,1993-01-15,0.36
GISTEMP,1993-01-15,0.34
GCAG,1993-02-15,0.38
GISTEMP,1993-02-15,0.37
GCAG,1993-03-15,0.41
GISTEMP,1993-03-15,0.36
GCAG,1993-04-15,0.31
GISTEMP,1993-04-15,0.28
GCAG,1993-05-15,0.35
GISTEMP,1993-05-15,0.28
GCAG,1993-06-15,0.33
GISTEMP,1993-06-15,.23
GCAG,1993-07-15,0.27
GISTEMP,1993-07-15,.25
GCAG,1993-08-15,0.22
GISTEMP,1993-08-15,.11
GISTEMP,1993-09-15,.12
GCAG,1993-09-15,0.18
GISTEMP,1993-10-15,.23
GCAG,1993-10-15,0.22
GISTEMP,1993-11-15,.03
GCAG,1993-11-15,0.07
GISTEMP,1993-12-15,.18
GCAG,1993-12-15,0.27
GISTEMP,1994-01-15,0.26
GCAG,1994-01-15,0.26
GISTEMP,1994-02-15,0.02
GCAG,1994-02-15,0.07
GISTEMP,1994-03-15,0.29
GCAG,1994-03-15,0.38
GISTEMP,1994-04-15,0.41
GCAG,1994-04-15,0.36
GISTEMP,1994-05-15,0.28
GCAG,1994-05-15,0.4
GISTEMP,1994-06-15,.43
GCAG,1994-06-15,0.4
GISTEMP,1994-07-15,.30
GCAG,1994-07-15,0.31
GISTEMP,1994-08-15,.21
GCAG,1994-08-15,0.3
GISTEMP,1994-09-15,.32
GCAG,1994-09-15,0.33
GISTEMP,1994-10-15,.42
GCAG,1994-10-15,0.42
GISTEMP,1994-11-15,.44
GCAG,1994-11-15,0.45
GISTEMP,1994-12-15,.38
GCAG,1994-12-15,0.42
GISTEMP,1995-01-15,0.52
GCAG,1995-01-15,0.56
GISTEMP,1995-02-15,0.79
GCAG,1995-02-15,0.73
GISTEMP,1995-03-15,0.46
GCAG,1995-03-15,0.5
GISTEMP,1995-04-15,0.46
GCAG,1995-04-15,0.45
GISTEMP,1995-05-15,0.27
GCAG,1995-05-15,0.37
GISTEMP,1995-06-15,.43
GCAG,1995-06-15,0.46
GISTEMP,1995-07-15,.45
GCAG,1995-07-15,0.42
GISTEMP,1995-08-15,.45
GCAG,1995-08-15,0.5
GISTEMP,1995-09-15,.34
GCAG,1995-09-15,0.4
GISTEMP,1995-10-15,.47
GCAG,1995-10-15,0.44
GCAG,1995-11-15,0.45
GISTEMP,1995-11-15,.44
GISTEMP,1995-12-15,.25
GCAG,1995-12-15,0.33
GISTEMP,1996-01-15,0.24
GCAG,1996-01-15,0.25
GISTEMP,1996-02-15,0.46
GCAG,1996-02-15,0.46
GCAG,1996-03-15,0.34
GISTEMP,1996-03-15,0.32
GCAG,1996-04-15,0.26
GISTEMP,1996-04-15,0.33
GISTEMP,1996-05-15,0.28
GCAG,1996-05-15,0.39
GCAG,1996-06-15,0.34
GISTEMP,1996-06-15,.25
GISTEMP,1996-07-15,.36
GCAG,1996-07-15,0.33
GCAG,1996-08-15,0.35
GISTEMP,1996-08-15,.48
GISTEMP,1996-09-15,.24
GCAG,1996-09-15,0.25
GISTEMP,1996-10-15,.19
GCAG,1996-10-15,0.21
GISTEMP,1996-11-15,.38
GCAG,1996-11-15,0.29
GCAG,1996-12-15,0.38
GISTEMP,1996-12-15,.37
GCAG,1997-01-15,0.34
GISTEMP,1997-01-15,0.29
GCAG,1997-02-15,0.44
GISTEMP,1997-02-15,0.41
GISTEMP,1997-03-15,0.51
GCAG,1997-03-15,0.5
GCAG,1997-04-15,0.42
GISTEMP,1997-04-15,0.34
GCAG,1997-05-15,0.42
GISTEMP,1997-05-15,0.34
GISTEMP,1997-06-15,.54
GCAG,1997-06-15,0.53
GCAG,1997-07-15,0.5
GISTEMP,1997-07-15,.33
GISTEMP,1997-08-15,.41
GCAG,1997-08-15,0.55
GISTEMP,1997-09-15,.52
GCAG,1997-09-15,0.61
GISTEMP,1997-10-15,.61
GCAG,1997-10-15,0.64
GISTEMP,1997-11-15,.64
GCAG,1997-11-15,0.58
GISTEMP,1997-12-15,.59
GCAG,1997-12-15,0.63
GISTEMP,1998-01-15,0.58
GCAG,1998-01-15,0.6
GCAG,1998-02-15,0.87
GISTEMP,1998-02-15,0.88
GCAG,1998-03-15,0.68
GISTEMP,1998-03-15,0.63
GCAG,1998-04-15,0.76
GISTEMP,1998-04-15,0.64
GCAG,1998-05-15,0.7
GISTEMP,1998-05-15,0.68
GCAG,1998-06-15,0.73
GISTEMP,1998-06-15,.77
GCAG,1998-07-15,0.74
GISTEMP,1998-07-15,.66
GISTEMP,1998-08-15,.65
GCAG,1998-08-15,0.71
GCAG,1998-09-15,0.52
GISTEMP,1998-09-15,.42
GCAG,1998-10-15,0.48
GISTEMP,1998-10-15,.41
GCAG,1998-11-15,0.42
GISTEMP,1998-11-15,.43
GCAG,1998-12-15,0.6
GISTEMP,1998-12-15,.55
GISTEMP,1999-01-15,0.48
GCAG,1999-01-15,0.51
GCAG,1999-02-15,0.7
GISTEMP,1999-02-15,0.64
GISTEMP,1999-03-15,0.32
GCAG,1999-03-15,0.4
GCAG,1999-04-15,0.47
GISTEMP,1999-04-15,0.32
GCAG,1999-05-15,0.4
GISTEMP,1999-05-15,0.27
GCAG,1999-06-15,0.42
GISTEMP,1999-06-15,.36
GCAG,1999-07-15,0.4
GISTEMP,1999-07-15,.38
GCAG,1999-08-15,0.36
GISTEMP,1999-08-15,.31
GCAG,1999-09-15,0.38
GISTEMP,1999-09-15,.38
GCAG,1999-10-15,0.35
GISTEMP,1999-10-15,.34
GISTEMP,1999-11-15,.37
GCAG,1999-11-15,0.35
GISTEMP,1999-12-15,.41
GCAG,1999-12-15,0.53
GCAG,2000-01-15,0.34
GISTEMP,2000-01-15,0.25
GCAG,2000-02-15,0.56
GISTEMP,2000-02-15,0.56
GISTEMP,2000-03-15,0.55
GCAG,2000-03-15,0.55
GCAG,2000-04-15,0.64
GISTEMP,2000-04-15,0.57
GISTEMP,2000-05-15,0.35
GCAG,2000-05-15,0.43
GISTEMP,2000-06-15,.40
GCAG,2000-06-15,0.39
GISTEMP,2000-07-15,.39
GCAG,2000-07-15,0.4
GISTEMP,2000-08-15,.42
GCAG,2000-08-15,0.46
GISTEMP,2000-09-15,.38
GCAG,2000-09-15,0.42
GISTEMP,2000-10-15,.26
GCAG,2000-10-15,0.32
GISTEMP,2000-11-15,.30
GCAG,2000-11-15,0.26
GISTEMP,2000-12-15,.28
GCAG,2000-12-15,0.32
GISTEMP,2001-01-15,0.45
GCAG,2001-01-15,0.47
GISTEMP,2001-02-15,0.44
GCAG,2001-02-15,0.41
GISTEMP,2001-03-15,0.55
GCAG,2001-03-15,0.64
GISTEMP,2001-04-15,0.5
GCAG,2001-04-15,0.59
GISTEMP,2001-05-15,0.57
GCAG,2001-05-15,0.61
GISTEMP,2001-06-15,.52
GCAG,2001-06-15,0.55
GCAG,2001-07-15,0.6
GISTEMP,2001-07-15,.59
GCAG,2001-08-15,0.61
GISTEMP,2001-08-15,.49
GCAG,2001-09-15,0.54
GISTEMP,2001-09-15,.52
GCAG,2001-10-15,0.52
GISTEMP,2001-10-15,.50
GCAG,2001-11-15,0.71
GISTEMP,2001-11-15,.72
GCAG,2001-12-15,0.57
GISTEMP,2001-12-15,.56
GCAG,2002-01-15,0.71
GISTEMP,2002-01-15,0.77
GCAG,2002-02-15,0.79
GISTEMP,2002-02-15,0.79
GCAG,2002-03-15,0.82
GISTEMP,2002-03-15,0.88
GCAG,2002-04-15,0.58
GISTEMP,2002-04-15,0.58
GCAG,2002-05-15,0.59
GISTEMP,2002-05-15,0.64
GCAG,2002-06-15,0.6
GISTEMP,2002-06-15,.53
GCAG,2002-07-15,0.63
GISTEMP,2002-07-15,.61
GCAG,2002-08-15,0.56
GISTEMP,2002-08-15,.53
GCAG,2002-09-15,0.58
GISTEMP,2002-09-15,.63
GISTEMP,2002-10-15,.53
GCAG,2002-10-15,0.49
GCAG,2002-11-15,0.59
GISTEMP,2002-11-15,.58
GISTEMP,2002-12-15,.43
GCAG,2002-12-15,0.49
GISTEMP,2003-01-15,0.75
GCAG,2003-01-15,0.71
GISTEMP,2003-02-15,0.58
GCAG,2003-02-15,0.59
GISTEMP,2003-03-15,0.59
GCAG,2003-03-15,0.61
GCAG,2003-04-15,0.58
GISTEMP,2003-04-15,0.55
GISTEMP,2003-05-15,0.6
GCAG,2003-05-15,0.62
GISTEMP,2003-06-15,.48
GCAG,2003-06-15,0.56
GISTEMP,2003-07-15,.58
GCAG,2003-07-15,0.6
GCAG,2003-08-15,0.66
GISTEMP,2003-08-15,.64
GISTEMP,2003-09-15,.62
GCAG,2003-09-15,0.65
GISTEMP,2003-10-15,.72
GCAG,2003-10-15,0.74
GISTEMP,2003-11-15,.53
GCAG,2003-11-15,0.57
GISTEMP,2003-12-15,.75
GCAG,2003-12-15,0.76
GISTEMP,2004-01-15,0.58
GCAG,2004-01-15,0.61
GISTEMP,2004-02-15,0.72
GCAG,2004-02-15,0.73
GCAG,2004-03-15,0.7
GISTEMP,2004-03-15,0.63
GCAG,2004-04-15,0.6
GISTEMP,2004-04-15,0.61
GCAG,2004-05-15,0.44
GISTEMP,2004-05-15,0.37
GCAG,2004-06-15,0.48
GISTEMP,2004-06-15,.44
GCAG,2004-07-15,0.47
GISTEMP,2004-07-15,.26
GISTEMP,2004-08-15,.46
GCAG,2004-08-15,0.52
GISTEMP,2004-09-15,.50
GCAG,2004-09-15,0.55
GCAG,2004-10-15,0.6
GISTEMP,2004-10-15,.60
GISTEMP,2004-11-15,.72
GCAG,2004-11-15,0.75
GISTEMP,2004-12-15,.50
GCAG,2004-12-15,0.51
GISTEMP,2005-01-15,0.74
GCAG,2005-01-15,0.65
GCAG,2005-02-15,0.55
GISTEMP,2005-02-15,0.6
GCAG,2005-03-15,0.74
GISTEMP,2005-03-15,0.74
GCAG,2005-04-15,0.72
GISTEMP,2005-04-15,0.67
GCAG,2005-05-15,0.66
GISTEMP,2005-05-15,0.62
GCAG,2005-06-15,0.67
GISTEMP,2005-06-15,.64
GISTEMP,2005-07-15,.61
GCAG,2005-07-15,0.66
GCAG,2005-08-15,0.63
GISTEMP,2005-08-15,.60
GCAG,2005-09-15,0.68
GISTEMP,2005-09-15,.71
GCAG,2005-10-15,0.68
GISTEMP,2005-10-15,.75
GCAG,2005-11-15,0.72
GISTEMP,2005-11-15,.73
GISTEMP,2005-12-15,.68
GCAG,2005-12-15,0.63
GCAG,2006-01-15,0.5
GISTEMP,2006-01-15,0.55
GCAG,2006-02-15,0.7
GISTEMP,2006-02-15,0.73
GCAG,2006-03-15,0.64
GISTEMP,2006-03-15,0.62
GCAG,2006-04-15,0.52
GISTEMP,2006-04-15,0.47
GISTEMP,2006-05-15,0.49
GCAG,2006-05-15,0.55
GCAG,2006-06-15,0.66
GISTEMP,2006-06-15,.65
GISTEMP,2006-07-15,.54
GCAG,2006-07-15,0.62
GISTEMP,2006-08-15,.70
GCAG,2006-08-15,0.65
GISTEMP,2006-09-15,.64
GCAG,2006-09-15,0.64
GCAG,2006-10-15,0.68
GISTEMP,2006-10-15,.69
GCAG,2006-11-15,0.64
GISTEMP,2006-11-15,.73
GISTEMP,2006-12-15,.79
GCAG,2006-12-15,0.79
GISTEMP,2007-01-15,1.02
GCAG,2007-01-15,0.92
GISTEMP,2007-02-15,0.7
GCAG,2007-02-15,0.68
GCAG,2007-03-15,0.66
GISTEMP,2007-03-15,0.72
GISTEMP,2007-04-15,0.76
GCAG,2007-04-15,0.73
GISTEMP,2007-05-15,0.69
GCAG,2007-05-15,0.6
GCAG,2007-06-15,0.55
GISTEMP,2007-06-15,.61
GISTEMP,2007-07-15,.60
GCAG,2007-07-15,0.56
GISTEMP,2007-08-15,.59
GCAG,2007-08-15,0.56
GCAG,2007-09-15,0.58
GISTEMP,2007-09-15,.59
GISTEMP,2007-10-15,.58
GCAG,2007-10-15,0.56
GCAG,2007-11-15,0.52
GISTEMP,2007-11-15,.58
GISTEMP,2007-12-15,.49
GCAG,2007-12-15,0.47
GCAG,2008-01-15,0.27
GISTEMP,2008-01-15,0.3
GCAG,2008-02-15,0.36
GISTEMP,2008-02-15,0.37
GISTEMP,2008-03-15,0.74
GCAG,2008-03-15,0.74
GISTEMP,2008-04-15,0.53
GCAG,2008-04-15,0.49
GISTEMP,2008-05-15,0.49
GCAG,2008-05-15,0.51
GISTEMP,2008-06-15,.49
GCAG,2008-06-15,0.53
GISTEMP,2008-07-15,.59
GCAG,2008-07-15,0.59
GISTEMP,2008-08-15,.46
GCAG,2008-08-15,0.56
GISTEMP,2008-09-15,.61
GCAG,2008-09-15,0.55
GISTEMP,2008-10-15,.66
GCAG,2008-10-15,0.67
GISTEMP,2008-11-15,.68
GCAG,2008-11-15,0.66
GISTEMP,2008-12-15,.54
GCAG,2008-12-15,0.54
GISTEMP,2009-01-15,0.64
GCAG,2009-01-15,0.6
GCAG,2009-02-15,0.55
GISTEMP,2009-02-15,0.52
GCAG,2009-03-15,0.57
GISTEMP,2009-03-15,0.53
GCAG,2009-04-15,0.62
GISTEMP,2009-04-15,0.61
GCAG,2009-05-15,0.58
GISTEMP,2009-05-15,0.65
GCAG,2009-06-15,0.67
GISTEMP,2009-06-15,.64
GCAG,2009-07-15,0.66
GISTEMP,2009-07-15,.73
GCAG,2009-08-15,0.72
GISTEMP,2009-08-15,.68
GCAG,2009-09-15,0.72
GISTEMP,2009-09-15,.72
GCAG,2009-10-15,0.64
GISTEMP,2009-10-15,.64
GCAG,2009-11-15,0.7
GISTEMP,2009-11-15,.79
GCAG,2009-12-15,0.65
GISTEMP,2009-12-15,.67
GCAG,2010-01-15,0.73
GISTEMP,2010-01-15,0.75
GCAG,2010-02-15,0.79
GISTEMP,2010-02-15,0.83
GISTEMP,2010-03-15,0.92
GCAG,2010-03-15,0.87
GISTEMP,2010-04-15,0.84
GCAG,2010-04-15,0.85
GISTEMP,2010-05-15,0.75
GCAG,2010-05-15,0.77
GCAG,2010-06-15,0.74
GISTEMP,2010-06-15,.67
GISTEMP,2010-07-15,.62
GCAG,2010-07-15,0.73
GISTEMP,2010-08-15,.66
GCAG,2010-08-15,0.69
GISTEMP,2010-09-15,.63
GCAG,2010-09-15,0.62
GCAG,2010-10-15,0.63
GISTEMP,2010-10-15,.70
GISTEMP,2010-11-15,.81
GCAG,2010-11-15,0.74
GISTEMP,2010-12-15,.44
GCAG,2010-12-15,0.46
GISTEMP,2011-01-15,0.52
GCAG,2011-01-15,0.46
GISTEMP,2011-02-15,0.47
GCAG,2011-02-15,0.45
GISTEMP,2011-03-15,0.65
GCAG,2011-03-15,0.6
GISTEMP,2011-04-15,0.65
GCAG,2011-04-15,0.62
GISTEMP,2011-05-15,0.53
GCAG,2011-05-15,0.55
GISTEMP,2011-06-15,.62
GCAG,2011-06-15,0.64
GISTEMP,2011-07-15,.70
GCAG,2011-07-15,0.65
GISTEMP,2011-08-15,.74
GCAG,2011-08-15,0.65
GISTEMP,2011-09-15,.56
GCAG,2011-09-15,0.59
GISTEMP,2011-10-15,.66
GCAG,2011-10-15,0.61
GISTEMP,2011-11-15,.58
GCAG,2011-11-15,0.49
GISTEMP,2011-12-15,.60
GCAG,2011-12-15,0.55
GISTEMP,2012-01-15,0.49
GCAG,2012-01-15,0.44
GISTEMP,2012-02-15,0.49
GCAG,2012-02-15,0.45
GCAG,2012-03-15,0.51
GISTEMP,2012-03-15,0.58
GCAG,2012-04-15,0.73
GISTEMP,2012-04-15,0.72
GCAG,2012-05-15,0.74
GISTEMP,2012-05-15,0.78
GCAG,2012-06-15,0.72
GISTEMP,2012-06-15,.64
GCAG,2012-07-15,0.7
GISTEMP,2012-07-15,.58
GCAG,2012-08-15,0.7
GISTEMP,2012-08-15,.64
GCAG,2012-09-15,0.74
GISTEMP,2012-09-15,.72
GCAG,2012-10-15,0.7
GISTEMP,2012-10-15,.79
GCAG,2012-11-15,0.7
GISTEMP,2012-11-15,.78
GCAG,2012-12-15,0.47
GISTEMP,2012-12-15,.53
GCAG,2013-01-15,0.62
GISTEMP,2013-01-15,0.7
GCAG,2013-02-15,0.66
GISTEMP,2013-02-15,0.62
GCAG,2013-03-15,0.66
GISTEMP,2013-03-15,0.67
GCAG,2013-04-15,0.58
GISTEMP,2013-04-15,0.54
GCAG,2013-05-15,0.68
GISTEMP,2013-05-15,0.6
GCAG,2013-06-15,0.69
GISTEMP,2013-06-15,.68
GISTEMP,2013-07-15,.60
GCAG,2013-07-15,0.66
GISTEMP,2013-08-15,.69
GCAG,2013-08-15,0.68
GCAG,2013-09-15,0.68
GISTEMP,2013-09-15,.77
GCAG,2013-10-15,0.66
GISTEMP,2013-10-15,.69
GCAG,2013-11-15,0.81
GISTEMP,2013-11-15,.83
GCAG,2013-12-15,0.67
GISTEMP,2013-12-15,.69
GCAG,2014-01-15,0.69
GISTEMP,2014-01-15,0.75
GISTEMP,2014-02-15,0.55
GCAG,2014-02-15,0.48
GISTEMP,2014-03-15,0.78
GCAG,2014-03-15,0.76
GCAG,2014-04-15,0.8
GISTEMP,2014-04-15,0.79
GCAG,2014-05-15,0.8
GISTEMP,2014-05-15,0.86
GCAG,2014-06-15,0.77
GISTEMP,2014-06-15,.67
GISTEMP,2014-07-15,.58
GCAG,2014-07-15,0.71
GCAG,2014-08-15,0.82
GISTEMP,2014-08-15,.82
GISTEMP,2014-09-15,.87
GCAG,2014-09-15,0.79
GCAG,2014-10-15,0.76
GISTEMP,2014-10-15,.80
GCAG,2014-11-15,0.64
GISTEMP,2014-11-15,.66
GCAG,2014-12-15,0.81
GISTEMP,2014-12-15,.78
GISTEMP,2015-01-15,0.85
GCAG,2015-01-15,0.83
GISTEMP,2015-02-15,0.9
GCAG,2015-02-15,0.87
GCAG,2015-03-15,0.92
GISTEMP,2015-03-15,0.95
GISTEMP,2015-04-15,0.76
GCAG,2015-04-15,0.81
GCAG,2015-05-15,0.89
GISTEMP,2015-05-15,0.8
GCAG,2015-06-15,0.91
GISTEMP,2015-06-15,.81
GCAG,2015-07-15,0.85
GISTEMP,2015-07-15,.73
GCAG,2015-08-15,0.91
GISTEMP,2015-08-15,.80
GISTEMP,2015-09-15,.84
GCAG,2015-09-15,0.94
GISTEMP,2015-10-15,1.09
GCAG,2015-10-15,1.03
GCAG,2015-11-15,1.0
GISTEMP,2015-11-15,1.05
GCAG,2015-12-15,1.15
GISTEMP,2015-12-15,1.16
GISTEMP,2016-01-15,1.17
GCAG,2016-01-15,1.12
GCAG,2016-02-15,1.26
GISTEMP,2016-02-15,1.37
GISTEMP,2016-03-15,1.36
GCAG,2016-03-15,1.31
GCAG,2016-04-15,1.12
GISTEMP,2016-04-15,1.1
GCAG,2016-05-15,0.94
GISTEMP,2016-05-15,0.95
GCAG,2016-06-15,0.92
GISTEMP,2016-06-15,.80
GCAG,2016-07-15,0.91
GISTEMP,2016-07-15,.84
GISTEMP,2016-08-15,1.01
GCAG,2016-08-15,0.98
GISTEMP,2016-09-15,.90
GCAG,2016-09-15,0.94
GCAG,2016-10-15,0.79
GISTEMP,2016-10-15,.88
GISTEMP,2016-11-15,.91
GCAG,2016-11-15,0.78
GISTEMP,2016-12-15,.86
GCAG,2016-12-15,0.82
GISTEMP,2017-01-15,1.02
GCAG,2017-01-15,0.97
GCAG,2017-02-15,1.02
GISTEMP,2017-02-15,1.13
GCAG,2017-03-15,1.08
GISTEMP,2017-03-15,1.16
GCAG,2017-04-15,0.91
GISTEMP,2017-04-15,0.94
GCAG,2017-05-15,0.87
GISTEMP,2017-05-15,0.9
GCAG,2017-06-15,0.84
GISTEMP,2017-06-15,.71
GCAG,2017-07-15,0.9
GISTEMP,2017-07-15,.81
GCAG,2017-08-15,0.92
GISTEMP,2017-08-15,.87
GCAG,2017-09-15,0.86
GISTEMP,2017-09-15,.76
GCAG,2017-10-15,0.81
GISTEMP,2017-10-15,.89
GCAG,2017-11-15,0.8
GISTEMP,2017-11-15,.87
GISTEMP,2017-12-15,.93
GCAG,2017-12-15,0.87
GCAG,2018-01-15,0.75
GISTEMP,2018-01-15,0.81
GCAG,2018-02-15,0.76
GISTEMP,2018-02-15,0.84
GCAG,2018-03-15,0.89
GISTEMP,2018-03-15,0.88
GISTEMP,2018-04-15,0.89
GCAG,2018-04-15,0.84
GISTEMP,2018-05-15,0.82
GCAG,2018-05-15,0.81
GCAG,2018-06-15,0.78
GISTEMP,2018-06-15,.77
GCAG,2018-07-15,0.82
GISTEMP,2018-07-15,.82
GISTEMP,2018-08-15,.76
GCAG,2018-08-15,0.79
GISTEMP,2018-09-15,.80
GCAG,2018-09-15,0.82
GCAG,2018-10-15,0.92
GISTEMP,2018-10-15,1.01
GISTEMP,2018-11-15,.82
GCAG,2018-11-15,0.77
GISTEMP,2018-12-15,.91
GCAG,2018-12-15,0.88
GCAG,2019-01-15,0.93
GISTEMP,2019-01-15,0.92
GCAG,2019-02-15,0.85
GISTEMP,2019-02-15,0.94
GCAG,2019-03-15,1.09
GISTEMP,2019-03-15,1.17
GISTEMP,2019-04-15,1.01
GCAG,2019-04-15,0.96
GISTEMP,2019-05-15,0.84
GCAG,2019-05-15,0.86
GISTEMP,2019-06-15,.90
GCAG,2019-06-15,0.94
GCAG,2019-07-15,0.92
GISTEMP,2019-07-15,.94
GCAG,2019-08-15,0.91
GISTEMP,2019-08-15,.94
GCAG,2019-09-15,0.94
GISTEMP,2019-09-15,.92
GCAG,2019-10-15,0.94
GISTEMP,2019-10-15,1.01
GCAG,2019-11-15,0.91
GISTEMP,2019-11-15,.99
GISTEMP,2019-12-15,1.09
GCAG,2019-12-15,1.04
GISTEMP,2020-01-15,1.16
GCAG,2020-01-15,1.13
GISTEMP,2020-02-15,1.24
GCAG,2020-02-15,1.16
GISTEMP,2020-03-15,1.17
GCAG,2020-03-15,1.17
GISTEMP,2020-04-15,1.13
GCAG,2020-04-15,1.04
GISTEMP,2020-05-15,1.02
GCAG,2020-05-15,0.94
GISTEMP,2020-06-15,.92
GCAG,2020-06-15,0.92
GISTEMP,2020-07-15,.90
GCAG,2020-07-15,0.91
GISTEMP,2020-08-15,.87
GCAG,2020-08-15,0.93
GISTEMP,2020-09-15,.98
GCAG,2020-09-15,0.94
GCAG,2020-10-15,0.83
GISTEMP,2020-10-15,.88
GISTEMP,2020-11-15,1.10
GCAG,2020-11-15,0.95
GCAG,2020-12-15,0.77
GISTEMP,2020-12-15,.81
GCAG,2021-01-15,0.77
GISTEMP,2021-01-15,0.81
GISTEMP,2021-02-15,0.64
GCAG,2021-02-15,0.63
GISTEMP,2021-03-15,0.88
GCAG,2021-03-15,0.84
GISTEMP,2021-04-15,0.75
GCAG,2021-04-15,0.79
GISTEMP,2021-05-15,0.78
GCAG,2021-05-15,0.81
GISTEMP,2021-06-15,.84
GCAG,2021-06-15,0.89
GISTEMP,2021-07-15,.92
GCAG,2021-07-15,0.92
GCAG,2021-08-15,0.89
GISTEMP,2021-08-15,.81
GCAG,2021-09-15,0.88
GISTEMP,2021-09-15,.92
GISTEMP,2021-10-15,.99
GCAG,2021-10-15,0.88
GCAG,2021-11-15,0.9
GISTEMP,2021-11-15,.92
GISTEMP,2021-12-15,.85
GCAG,2021-12-15,0.83
GISTEMP,2022-01-15,0.91
GCAG,2022-01-15,0.88
GCAG,2022-02-15,0.8
GISTEMP,2022-02-15,0.89
GISTEMP,2022-03-15,1.04
GCAG,2022-03-15,0.94
GISTEMP,2022-04-15,0.83
GCAG,2022-04-15,0.85
GISTEMP,2022-05-15,0.82
GCAG,2022-05-15,0.77
GISTEMP,2022-06-15,***
GISTEMP,2022-07-15,***
GISTEMP,2022-08-15,***
GISTEMP,2022-09-15,***
GISTEMP,2022-10-15,***
GISTEMP,2022-11-15,***
GISTEMP,2022-12-15,***
